DISTRITO,CÓDIGO,NOMBRE,EDUCACIÓN,DEPENDENCIA,RESOLUCIÓN,FECHA DE RESOLUCIÓN,ZONA,DIRECCIÓN,ESTADO,https://sigee.sie.gob.bo/#
COCHABAMBA 2,80980471,JAIHUAYCO,Alternativa y Especial,Convenio,1157/2006,7/5/2006,-,CALLE TABLAS 980,Abierta,.
COCHABAMBA 1,80980098,JUAN ANTONIO CABRERIZO RIOS,Regular,Fiscal,R.A. 1013/2012,15/5/2012,-,21 DE DICIEMBRE PLAZUELA CARMEN,Abierta,.
COCHABAMBA 1,80980097,IV CENTENARIO,Regular,Fiscal,R.A. 01019/2009,28/5/2009,-,21 DE DICIEMBRE PLAZUELA CARMEN,Abierta,.
COCHABAMBA 2,80980100,ESTADOS UNIDOS A,Regular,Fiscal,R.A. 2199/2009,28/9/2009,3RA VILLA NORTE,ISIBORO Nro 1063,Abierta,.
COCHABAMBA 2,80980101,ANGEL HONORATO SALAZAR,Regular,Fiscal,2854/2000,14/7/2000,3RA VILLA NORTE,ISIBORO Nro 1063,Abierta,.
COCHABAMBA 2,80980536,26 DE OCTUBRE,Regular,Fiscal,0284/2009,17/2/2009,ALALAY NORTE,.,Abierta,.
COCHABAMBA 2,80980462,RENE CRESPO RICO,Regular,Fiscal,R.A. 16/2024,2/1/2024,ALALAY NORTE,CALLE 30 DE ABRIL 2 CUADRAS AL SUD,Abierta,.
COCHABAMBA 2,80980672,LIBERTAD II,Regular,Fiscal,R.A. 1661/2022,19/5/2022,ALALAY SUD,AVENIDA JUJUY ENTRE CORDOVA,Abierta,.
COCHABAMBA 2,80980256,CEFERINO NAMUNCURA,Regular,Convenio,1299/2007,22/6/2007,ALBA RANCHO,ALBA RANCHO,Abierta,.
COCHABAMBA 2,80980573,JUANA AZURDUY DE PADILLA,Regular,Fiscal,R.A. 2939/2012,29/10/2012,ALTO COCHABAMBA,VERSALLES S/N,Abierta,.
COCHABAMBA 2,80980219,ALTO COCHABAMBA,Regular,Fiscal,R.A. 1898/2009,9/9/2009,ALTO COCHABAMBA,VERSALLES S/N,Abierta,.
COCHABAMBA 2,80980646,ALTO K'ARA K'ARA,Regular,Fiscal,R.A. 056/2020,10/2/2020,ALTO KARA KARA,.,Abierta,.
COCHABAMBA 2,80980535,VOCES LIBRES,Regular,Fiscal,R.A. 2080/2008,22/12/2008,ALTO KARA KARA,.,Abierta,.
COCHABAMBA 1,80980563,1ERO. DE MAYO,Regular,Fiscal,R.A. 3526/2010,14/12/2010,ANDRADA,COMUNIDAD ANDRADA,Abierta,.
COCHABAMBA 2,80980584,1RO. DE MAYO 2,Regular,Fiscal,R.A. 1981/2013,9/8/2013,BARRIO 1RO. DE MAYO,BARRIO 1RO. DE MAYO,Abierta,.
COCHABAMBA 2,80980076,HNO. PACIFICO FELETTI,Regular,Convenio,4364/2000,3/11/2000,BARRIO 1RO. DE MAYO,BARRIO 1RO. DE MAYO,Abierta,.
COCHABAMBA 2,80980075,1RO. DE MAYO,Regular,Fiscal,219,26/4/1996,BARRIO 1RO. DE MAYO,BARRIO 1RO. DE MAYO,Abierta,.
COCHABAMBA 2,80980695,HNO. PACIFICO FELETTI I,Regular,Convenio,R.A. 3703/2024,8/8/2024,BARRIO 1RO. DE MAYO,BARRIO 1RO. DE MAYO,Abierta,.
COCHABAMBA 2,80980486,1RO. DE MAYO A,Alternativa y Especial,Convenio,R.M. 0764/2019,10/7/2019,BARRIO 1RO. DE MAYO,BARRIO 1RO. DE MAYO,Abierta,.
COCHABAMBA 2,80980010,SAN FRANCISCO DE ASIS B,Regular,Convenio,R.A. 1013/2022,22/3/2022,BARRIO DON BOSCO,AVENIDA NUESTRA SEÑORA DE LOURDES,Abierta,.
COCHABAMBA 2,80980009,SANTA CLARA DE ASIS,Regular,Convenio,R.A. 1189/2022,7/4/2022,BARRIO DON BOSCO,AVENIDA NUESTRA SEÑORA DE LOURDES,Abierta,.
COCHABAMBA 2,80980210,MARTIN CARDENAS B,Regular,Fiscal,R.A. 0465/2019,4/7/2019,BARRIO MINERO,CALLE 10 DE NOVIEMBRE S/N,Abierta,.
COCHABAMBA 2,80980211,CAMPANITA,Regular,Fiscal,R.A. 2390/2009,16/10/2009,BARRIO MINERO,CALLE 10 DE NOVIEMBRE S/N,Abierta,.
COCHABAMBA 2,80980209,LIBORIO CADIMA,Regular,Fiscal,3134/2000,24/7/2000,BARRIO MINERO,CALLE 10 DE NOVIEMBRE S/N,Abierta,.
COCHABAMBA 2,80980496,RAYITO DE LUZ,Regular,Fiscal,0706/2006,4/4/2006,BARRIO MINERO,CALLE 10 DE NOVIEMBRE S/N,Abierta,.
COCHABAMBA 2,80980459,LUIS GUZMAN ARAUJO,Regular,Fiscal,R.A. 2166/2004,4/10/2004,BARRIO MINERO ALALAY,RAFAEL BUSTILLOS PARQUE 24 DE JUNIO,Abierta,.
COCHABAMBA 2,80980476,AMERICA DEL SUR,Regular,Fiscal,6042/2005,31/10/2005,BARRIO MINERO ALALAY,AV. SIGLO XX,Abierta,.
COCHABAMBA 2,80980464,DR. DARIO MONTAÑO,Regular,Fiscal,R.A. 2808/2004,15/12/2004,BARRIO MINERO ALALAY,RAFAEL BUSTILLOS PARQUE 24 DE JUNIO,Abierta,.
COCHABAMBA 2,80980224,SAGRADA FAMILIA,Regular,Convenio,R.A. 1897/2009,9/9/2009,BASE AEREA,SANTIVAÑEZ,Abierta,.
COCHABAMBA 2,80980576,SAGRADO CORAZON DE JESUS,Regular,Convenio,R.A. 0588/2013,1/4/2013,BASE AEREA,SANTIVAÑEZ,Abierta,.
COCHABAMBA 1,80980342,PAULO FREIRE,Regular,Privada,R.A. 168/2024,16/1/2024,CALA CALA,AV. LIBERTADOR BOLIVAR N° 1512,Abierta,.
COCHABAMBA 1,80980121,CONCORDIA,Regular,Fiscal,R.A. 6032/2024,19/12/2024,CALA CALA,CIRCUNVALACION 375 ENRIQUE ARCE,Abierta,.
COCHABAMBA 1,80980599,MARIANO ANTEZANA B,Regular,Fiscal,R.A. 0772/2017,28/3/2017,CALA CALA,PASOSKANKI S/N PLAZA HERNANDO SILES,Abierta,.
COCHABAMBA 1,80980014,ELENA ARZE DE ARZE,Regular,Fiscal,3682/2000,8/8/2000,CALA CALA,CALLE ADELA ZAMUDIO,Abierta,.
COCHABAMBA 1,80980441,EL ARCA DE NOE,Regular,Privada,0721/97,14/3/1997,CALA CALA,CALLE PASOSKANKI Nro 2121,Cerrada,.
COCHABAMBA 1,80980439,MONTESSORI COCHABAMBA,Regular,Privada,R.A. 5075/2018,9/11/2018,CALA CALA,KOLLASUYU N° 648,Abierta,.
COCHABAMBA 1,80980043,INMACULADA CONCEPCION,Regular,Convenio,R.A. 01023/2009,29/5/2009,CALA CALA,AV. BENI Y SANTA CRUZ,Abierta,.
COCHABAMBA 1,80980119,CLUB DE LEONES A,Regular,Fiscal,1075,14/11/1994,CALA CALA,CIRCUNVALACION 375 ENRIQUE ARCE,Abierta,.
COCHABAMBA 1,80980120,CLUB DE LEONES B,Regular,Fiscal,R.A. 01042/2009,29/5/2009,CALA CALA,CIRCUNVALACION 375 ENRIQUE ARCE,Abierta,.
COCHABAMBA 1,80980346,SANTA ANA DE CALA CALA MARYKNOLL,Regular,Privada,R.A. 0075/2020,2/3/2020,CALA CALA,AVENIDA JUAN DE LA ROSA Nro 708,Abierta,.
COCHABAMBA 1,80980201,GERMAN BUSCH,Regular,Fiscal,R.A. 6046/2024,19/12/2024,CALA CALA,PASOSKANKI S/N PLAZA HERNANDO SILES,Abierta,.
COCHABAMBA 1,80980357,ADELA ZAMUDIO,Regular,Privada,219,18/2/1963,CALA CALA,CALLE ENRIQUE ARZE Nro 2105,Cerrada,.
COCHABAMBA 1,80980333,TESORITO,Regular,Privada,R.A. 4636/2022,15/8/2022,CALA CALA,LUCAS MENDOZA 529,Abierta,.
COCHABAMBA 1,80980011,JESUS LARA,Regular,Fiscal,R.A. 6033/2024,19/12/2024,CALA CALA,CIRCUNVALACION 375 ENRIQUE ARCE,Abierta,.
COCHABAMBA 1,80980316,CONSIPE,Regular,Fiscal,R.A. 1235/2009,25/6/2009,CALA CALA,COCHABAMBA,Cerrada,.
COCHABAMBA 1,80980403,GUIDO VILLAGOMEZ,Regular,Privada,3147,29/12/1988,CALA CALA,MAN CESPED WASHINGTON Nro 293,Cerrada,.
COCHABAMBA 1,80980527,MAGIC KIDS CALA CALA,Regular,Privada,R.A. 1998/2021,25/8/2021,CALA CALA,PASOSKANKI 120,Abierta,.
COCHABAMBA 1,80980202,MARIANO ANTEZANA,Regular,Fiscal,R.A. 6037/2024,19/12/2024,CALA CALA,PASOSKANKI S/N PLAZA HERNANDO SILES,Abierta,.
COCHABAMBA 1,80980548,DISNEY KIDS,Regular,Privada,R.A. 0174/2010,29/1/2010,CALA CALA,FELIX DEL GRANADO ESQUINA LUCAS MENDOZA,Cerrada,.
COCHABAMBA 1,80980690,LA CASITA DE FREIRE,Regular,Privada,R.A 169/2024,16/1/2024,CALA CALA,CALLE ENRIQUE ARCE NRO. 1860,Abierta,.
COCHABAMBA 1,80980044,CRISTO REDENTOR,Regular,Convenio,R.A. 6031/2024,19/12/2024,CALA CALA,AV. BENI Y SANTA CRUZ,Abierta,.
COCHABAMBA 1,80980451,BENJAMIN IRIARTE ROJAS,Alternativa y Especial,Fiscal,R.M. 0764/2019,10/7/2019,CALA CALA,PASOSKANKI S/N PLAZA HERNANDO SILES,Abierta,.
COCHABAMBA 1,80980320,COCHABAMBA,Alternativa y Especial,Fiscal,R.A. 2934/2013,14/11/2013,CALA CALA,CALLE ADELA ZAMUDIO,Abierta,.
COCHABAMBA 2,80980236,DR. FELIX CAPRILES,Regular,Fiscal,R.A. 2964/2011,16/11/2011,CENTRAL,CHIMBA ENTRE GASPAR MIGUEL Y CECILIO G. DE ROJAS,Abierta,.
COCHABAMBA 2,80980237,MAYOR DESIDERIO ROCHA,Regular,Fiscal,R.A. 224/2018,25/1/2018,CENTRAL,CHIMBA ENTRE GASPAR MIGUEL Y CECILIO G. DE ROJAS,Abierta,.
COCHABAMBA 2,80980179,RAFAEL CANEDO,Regular,Fiscal,R.A. 758/2012,11/4/2012,CENTRAL,C/F. JIMENEZ ENTRE AV. VIRREIRA (FINAL BASE AEREA) PARADA MICRO U S/N,Abierta,.
COCHABAMBA 2,80980582,CEPEAD II,Alternativa y Especial,Fiscal,R.M. 532/2013,13/8/2013,CENTRAL,AV. ECUADOR ENTRE 25 DE MAYO Y SAN MARTIN,Cerrada,.
COCHABAMBA 2,80980581,CEPEAD I,Alternativa y Especial,Fiscal,R.M. 532/2013,13/8/2013,CENTRAL,AV. ECUADOR ENTRE 25 DE MAYO Y SAN MARTIN,Cerrada,.
COCHABAMBA 1,80980230,DANIEL SALAMANCA TARDE,Regular,Fiscal,0557/99,1/3/1999,CENTRAL,SANTIVAÑEZ Nro 553,Abierta,.
COCHABAMBA 1,80980263,12 DE ABRIL,Regular,Fiscal,1966/2000,13/7/2000,CENTRAL,NATANIEL AGUIRRE Y AROMA Nro 817,Abierta,.
COCHABAMBA 1,80980102,EUFRONIO VISCARRA,Regular,Fiscal,R.A. 5728/2024,11/12/2024,CENTRAL,JUNIN ESQUINA HEROINAS Nro 118,Abierta,.
COCHABAMBA 1,80980331,SANTO TOMAS DE AQUINO,Regular,Privada,157,31/1/1989,CENTRAL,QUIJARRO Nro 1982 ESQ. AV. CIRCUNVALACION,Cerrada,.
COCHABAMBA 1,80980336,SAGRADO CORAZON,Regular,Privada,0062/97,10/1/1997,CENTRAL,AV. AYACUCHO ENTRE LA PAZ Y TTE. AREVALO,Abierta,.
COCHABAMBA 1,80980103,LA PAZ,Regular,Fiscal,3032/2000,17/7/2000,CENTRAL,JUNIN ESQUINA HEROINAS Nro 118,Abierta,.
COCHABAMBA 1,80980378,COCHABAMBA,Regular,Privada,86,26/1/1987,CENTRAL,JORDAN Nro 236 ENTRE JUNIN Y HAMIRAYA,Abierta,.
COCHABAMBA 1,80980238,OBISPO GRANADO,Regular,Fiscal,R.A. 2486/2010,1/11/2010,CENTRAL,SANTIVAÑEZ Nro 448,Cerrada,.
COCHABAMBA 1,80980645,VIVIR EN ARMONIA,Regular,Privada,R.A. 0731/2019,29/11/2019,CENTRAL,CALLE CHUQUISACA N° 565  ENTRE LANZA Y VALDIVIESO,Abierta,.
COCHABAMBA 1,80980386,BANCARIA,Regular,Privada,22511,13/8/1998,CENTRAL,AVENIDA HEROINAS Nro 341,Cerrada,.
COCHABAMBA 1,80980399,ALTO RENDIMIENTO,Regular,Privada,0111/98,15/1/1998,CENTRAL,CALLE LA PAZ Nro 0587 ESQ. 16 DE JULIO,Cerrada,.
COCHABAMBA 1,80980065,MEJILLONES B,Regular,Fiscal,3612/2000,1/8/2000,CENTRAL,ECUADOR Nro 179 ESQUINA BAPTISTA,Abierta,.
COCHABAMBA 1,80980290,23 DE MARZO,Regular,Fiscal,01997/2007,24/9/2007,CENTRAL,AVENIDA AYACUCHO NRO 336 ENTRE SANTIVAÑEZ Y JORDAN,Abierta,.
COCHABAMBA 1,80980175,JOSE QUINTIN MENDOZA,Regular,Fiscal,R.A. 01029/2009,29/5/2009,CENTRAL,LA PAZ ENTRE BAPTISTA Y AYACUCHO,Abierta,.
COCHABAMBA 1,80980095,REPUBLICA ARGENTINA,Regular,Fiscal,3694/2000,8/8/2000,CENTRAL,CALAMA Y 25 DE MAYO,Abierta,.
COCHABAMBA 1,80980322,HISPANO BOLIVIANO,Regular,Privada,R.A. 0016/2023,5/1/2023,CENTRAL,CALLE URUGUAY Nro 649,Abierta,.
COCHABAMBA 1,80980326,SAN MARTIN DE PORRES,Regular,Privada,179,28/1/1988,CENTRAL,AV. SAN MARTIN Nro 935,Cerrada,.
COCHABAMBA 1,80980128,RENE BARRIENTOS ORTUÑO A,Regular,Fiscal,R.A. 6039/2024,19/12/2024,CENTRAL,ECUADOR ENTRE JUNIN Y HAMIRAYA,Abierta,.
COCHABAMBA 1,80980365,EMANUEL,Regular,Privada,R.A. 1663/2011,3/8/2011,CENTRAL,CALLE BAPTISTA Nro 638,Abierta,.
COCHABAMBA 1,80980350,LA SALLE,Regular,Privada,R.A. 034/2020,27/1/2020,CENTRAL,JUNIN 200,Abierta,.
COCHABAMBA 1,80980457,ANGLO JAPONES,Regular,Privada,R. A. 0096/01,4/6/2001,CENTRAL,CALLE SANTIVAÑEZ Nº 530,Abierta,.
COCHABAMBA 1,80980388,SAN ANTONIO MARIA CLARET,Regular,Privada,R.A. 5316/2022,7/10/2022,CENTRAL,CALLE SUCRE N° 731 ENTRE 16 DE JULIO Y ANTEZANA,Abierta,.
COCHABAMBA 1,80980226,SARA UGARTE DE SALAMANCA,Regular,Fiscal,R.A. 4902/2018,26/10/2018,CENTRAL,16 DE JULIO Y BOLIVAR Nro 178,Abierta,.
COCHABAMBA 1,80980216,SIMON BOLIVAR A,Regular,Fiscal,R.A. 2485/2010,1/11/2010,CENTRAL,AVENIDA AYACUCHO ESQUINA PUNATA Nro 105,Abierta,.
COCHABAMBA 1,80980335,SAINT GERMAIN,Regular,Privada,0096/97,14/1/1997,CENTRAL,AYACUCHO Nro 528,Abierta,.
COCHABAMBA 1,80980329,SANTA ANA,Regular,Privada,R.A. 1437/2015,26/5/2015,CENTRAL,LANZA ESQUINA SUCRE Nro 291,Abierta,.
COCHABAMBA 1,80980283,WILGE RODRIGUEZ,Regular,Fiscal,R.A. 1238/2009,25/6/2009,CENTRAL,16 DE JULIO Y BOLIVAR Nro 178,Abierta,.
COCHABAMBA 1,80980324,GUINDA LINDA,Regular,Privada,765,1/12/1981,CENTRAL,TUMUSLA Nro 149,Abierta,.
COCHABAMBA 1,80980272,ALCIDES ARGUEDAS B,Regular,Fiscal,.,1/1/1900,CENTRAL,16 DE JULIO Y BOLIVAR Nro 178,Cerrada,.
COCHABAMBA 1,80980361,BOLIVIANO,Regular,Privada,1435,12/4/1990,CENTRAL,CALLE SUCRE Nro 953,Cerrada,.
COCHABAMBA 1,80980072,FELIX DEL GRANADO,Regular,Fiscal,4086/2000,9/10/2000,CENTRAL,BAPTISTA Nro 161,Abierta,.
COCHABAMBA 1,80980262,MELCHOR URQUIDI,Regular,Fiscal,R.A. 01035/2009,29/5/2009,CENTRAL,NATANIEL AGUIRRE Y AROMA Nro 817,Abierta,.
COCHABAMBA 1,80980225,RICARDO JAIMES FREYRE,Regular,Fiscal,880,12/9/1994,CENTRAL,SANTIVAÑEZ Nro 239,Abierta,.
COCHABAMBA 1,80980145,FACUNDO QUIROGA,Regular,Fiscal,R.A. 1234/2009,25/6/2009,CENTRAL,23 DE ENERO Y CHIRIGUANO S/N,Abierta,.
COCHABAMBA 1,80980364,SHALOM,Regular,Privada,R.A. 0646/2021,16/3/2021,CENTRAL,HAMIRAYA Nro 456 JORDAN Y CALAMA,Abierta,.
COCHABAMBA 1,80980323,HEIDI,Regular,Privada,R.A. 3293/2021,20/12/2021,CENTRAL,CALAMA Nro 137 ESQUINA AYACUCHO,Abierta,.
COCHABAMBA 1,80980387,AGUILAS DE AMERICA,Regular,Privada,R.A. 1607/2010,28/7/2010,CENTRAL,AVENIDA SAN MARTIN DE PORRES Nº 253 ENTRE BOLIVAR Y SUCRE,Cerrada,.
COCHABAMBA 1,80980176,MARIANO RICARDO TERRAZAS,Regular,Fiscal,R.A. 6068/2024,20/12/2024,CENTRAL,LA PAZ ENTRE BAPTISTA Y AYACUCHO,Abierta,.
COCHABAMBA 1,80980593,WILGE RODRIGUEZ  B,Regular,Fiscal,R.A. 3505/2016,9/12/2016,CENTRAL,16 DE JULIO Y BOLIVAR Nro 178,Abierta,.
COCHABAMBA 1,80980345,MARYLAND,Regular,Privada,66,13/1/1989,CENTRAL,ESPAÑA ENTRE ECUADOR Y MAYOR ROCHA Nro 380,Abierta,.
COCHABAMBA 1,80980104,JUAN CRISOSTOMO CARRILLO,Regular,Fiscal,R.A. 0890/2018,12/4/2018,CENTRAL,JUNIN Nro 113,Abierta,.
COCHABAMBA 1,80980015,BOLIVIA A,Regular,Fiscal,R.A. 951/2012,8/5/2012,CENTRAL,ECUADOR Nro 179 ESQUINA BAPTISTA,Abierta,.
COCHABAMBA 1,80980261,FRANZ TAMAYO A,Regular,Fiscal,3620/2000,1/8/2000,CENTRAL,AVENIDA AYACUCHO ESQUINA PUNATA Nro 105,Abierta,.
COCHABAMBA 1,80980146,VICTOR USTARIZ,Regular,Fiscal,R.A. 6048/2024,19/12/2024,CENTRAL,23 DE ENERO Y CHIRIGUANO S/N,Abierta,.
COCHABAMBA 1,80980424,ULISES HERMOSA GONZALES,Regular,Privada,R.A. 0032/01,16/1/2001,CENTRAL,.,Abierta,.
COCHABAMBA 1,80980453,DULCE ILUSION,Regular,Privada,R. A. 4362/2000,3/11/2000,CENTRAL,AVENIDA VILLAZON KM. 3 CARRETERA A SACABA,Cerrada,.
COCHABAMBA 1,80980359,LEONARDO DA VINCI,Regular,Privada,438/97,18/2/1997,CENTRAL,CALLE 16 DE JULIO ESQUINA CALAMA,Cerrada,.
COCHABAMBA 1,80980590,BRASIL B,Regular,Fiscal,R.A. 1298/2016,2/6/2016,CENTRAL,AVENIDA AYACUCHO ESQUINA PUNATA Nro 105,Abierta,.
COCHABAMBA 1,80980328,SANTA MARIA MICAELA,Regular,Privada,R.A. 0730/2019,29/11/2019,CENTRAL,CALLE JORDAN Nro 163,Abierta,.
COCHABAMBA 1,80980071,MARIANO BAPTISTA,Regular,Fiscal,R.A. 4574/2023,20/10/2023,CENTRAL,BAPTISTA Nro 583,Abierta,.
COCHABAMBA 1,80980068,COCHABAMBA D,Regular,Fiscal,R.A. 953/2012,8/5/2012,CENTRAL,BAPTISTA Nro 261,Abierta,.
COCHABAMBA 1,80980409,BOLIVIANO CROATA,Regular,Privada,0365/99,2/2/1999,CENTRAL,25 DE MAYO Y LADISLAO CABRERA Nro 628,Abierta,.
COCHABAMBA 1,80980069,MANUEL ASCENCIO VILLARROEL,Regular,Fiscal,R.A. 6041/2024,19/12/2024,CENTRAL,BAPTISTA Nro 261,Abierta,.
COCHABAMBA 1,80980372,COSMOS,Regular,Privada,495,2/5/1986,CENTRAL,ESTEBAN ARZE Nro 551,Cerrada,.
COCHABAMBA 1,80980363,FRANCIA,Regular,Privada,4,8/1/1960,CENTRAL,HEROINAS Nro 265,Cerrada,.
COCHABAMBA 1,80980073,BRASIL,Regular,Fiscal,R.A. 1231/2009,25/6/2009,CENTRAL,BAPTISTA Nro 161,Cerrada,.
COCHABAMBA 1,80980314,FRANZ TAMAYO B,Regular,Fiscal,R.A. 1997/2021,25/8/2021,CENTRAL,AVENIDA AYACUCHO NRO 336 ENTRE SANTIVAÑEZ Y JORDAN,Abierta,.
COCHABAMBA 1,80980215,FEDERICO AGUILO,Regular,Fiscal,R.A. 1232/2009,25/6/2009,CENTRAL,AVENIDA AYACUCHO ESQUINA PUNATA Nro 105,Abierta,.
COCHABAMBA 1,80980454,KHOCHAPAMPA,Regular,Privada,R. A. 042/03,6/2/2003,CENTRAL,AVENIDA AYACUHO Nº 727 ENTRE LA PAZ Y TTE. AREVALO,Abierta,.
COCHABAMBA 1,80980016,MEJILLONES A,Regular,Fiscal,2864/2000,17/7/2000,CENTRAL,BAPTISTA Nro 285,Abierta,.
COCHABAMBA 1,80980274,DARIO MONTAÑO,Regular,Fiscal,.,1/1/1900,CENTRAL,16 DE JULIO Y BOLIVAR Nro 178,Cerrada,.
COCHABAMBA 1,80980192,ROBERTO ALVARADO DAZA,Regular,Fiscal,R.A. 3122/2009,21/12/2009,CENTRAL,NATANIEL AGUIRRE Nro 576,Abierta,.
COCHABAMBA 1,80980001,ABAROA A,Regular,Fiscal,3824/2000,10/8/2000,CENTRAL,AVENIDA AYACUCHO NRO 336 ENTRE SANTIVAÑEZ Y JORDAN,Abierta,.
COCHABAMBA 1,80980379,CARIÑOSITO,Regular,Privada,R.A. 047/2020,4/2/2020,CENTRAL,PASAJE SAN RAFAEL Nro 230,Abierta,.
COCHABAMBA 1,80980127,8 DE MAYO,Regular,Fiscal,1956/01,23/1/2001,CENTRAL,ECUADOR ENTRE JUNIN Y HAMIRAYA,Abierta,.
COCHABAMBA 1,80980067,INGAVI,Regular,Fiscal,3044/2000,24/7/2000,CENTRAL,BAPTISTA Nro 583,Cerrada,.
COCHABAMBA 1,80980194,NESTOR GALINDO,Regular,Fiscal,1960/2000,13/7/2000,CENTRAL,NATANIEL AGUIRRE Nro 576,Abierta,.
COCHABAMBA 1,80980384,BOLIVIANO ARGENTINO,Regular,Privada,R.A. 0240/2016,12/2/2016,CENTRAL,CALLE BAPTISTA Nro 171,Abierta,.
COCHABAMBA 1,80980575,COLOMBIERE,Regular,Privada,R.A. 0870/2013,3/5/2013,CENTRAL,AVENIDA BALLIVIAN Nº 537,Cerrada,.
COCHABAMBA 1,80980395,LATINOAMERICANO,Regular,Privada,168,26/3/1985,CENTRAL,CALLE URUGUAY Nro 836,Abierta,.
COCHABAMBA 1,80980344,WALTER ROSALES,Regular,Privada,0366/97,7/2/1997,CENTRAL,OQUENDO Nro 763,Cerrada,.
COCHABAMBA 1,80980217,SIMON BOLIVAR B,Regular,Fiscal,R.A. 01025/2009,29/5/2009,CENTRAL,AVENIDA AYACUCHO ESQUINA PUNATA Nro 105,Abierta,.
COCHABAMBA 1,80980390,ALEMAN SANTA MARIA,Regular,Privada,R.A. 035/2020,27/1/2020,CENTRAL,ANTEZANA Nro 159,Abierta,.
COCHABAMBA 1,80980304,"ESC. ARTES PLASTICAS "" RAUL G. PRADA """,Regular,Fiscal,.,1/1/1900,CENTRAL,JUNIN Nro 113,Cerrada,.
COCHABAMBA 1,80980394,13 DE MARZO,Regular,Privada,1074,15/8/1993,CENTRAL,CALLE GENERAL ACHA Nro 186 Y JUNIN,Cerrada,.
COCHABAMBA 1,80980356,6 DE JUNIO,Regular,Privada,254,15/5/1996,CENTRAL,CALLE SANTIVAÑEZ Nro 430,Cerrada,.
COCHABAMBA 1,80980094,JULIO PAZ TERRAZAS,Regular,Fiscal,3622/2000,1/8/2000,CENTRAL,CALAMA Y 25 DE MAYO,Abierta,.
COCHABAMBA 1,80980193,27 DE MAYO A,Regular,Fiscal,R.A. 6036/2024,19/12/2024,CENTRAL,NATANIEL AGUIRRE Nro 576,Abierta,.
COCHABAMBA 1,80980126,COBIJA,Regular,Fiscal,R.A. 3056/2017,27/10/2017,CENTRAL,ECUADOR Nro 179 ESQUINA BAPTISTA,Abierta,.
COCHABAMBA 1,80980105,JUANA AZURDUY DE PADILLA,Regular,Fiscal,R.A. 0346/2019,30/5/2019,CENTRAL,JUNIN Nro 113,Abierta,.
COCHABAMBA 1,80980366,ESTADOS UNIDOS,Regular,Privada,1313/97,1/7/1997,CENTRAL,CALLE ESTEBAN ARZE Nro 1060,Abierta,.
COCHABAMBA 1,80980229,DANIEL SALAMANCA MAÑANA,Regular,Fiscal,3038/2000,18/7/2000,CENTRAL,SANTIVAÑEZ Nro 553,Abierta,.
COCHABAMBA 1,80980367,ESPAÑA,Regular,Privada,R.A. 3550/2018,21/8/2018,CENTRAL,PLAZA VIRREY TOLEDO ACERA SUD Nro 1313,Abierta,.
COCHABAMBA 1,80980493,27 DE MAYO,Alternativa y Especial,Fiscal,7064/2005,27/12/2005,CENTRAL,NATANIEL AGUIRRE Nro 576,Abierta,.
COCHABAMBA 1,80980450,MARIANO RICARDO TERRAZAS A,Alternativa y Especial,Fiscal,6250/2024,27/12/2005,CENTRAL,LA PAZ ENTRE BAPTISTA Y AYACUCHO,Abierta,.
COCHABAMBA 1,80980492,REBECA DE LA VEGA VDA. DE UNZAGA,Alternativa y Especial,Fiscal,6597/2005,15/12/2005,CENTRAL,SANTIVAÑEZ Nro 553,Abierta,.
COCHABAMBA 1,80980446,AUDIOLOGIA LUCY ARGANDOÑA DE CESPEDES,Alternativa y Especial,Convenio,2373/2018,29/5/2018,CENTRAL,GENERAL ACHA Nro 677,Abierta,.
COCHABAMBA 1,80980420,PACIFICO FELETTI,Alternativa y Especial,Fiscal,.,1/1/1900,CENTRAL,AV. HEROINAS ENTRE AYACUCHO Y BAPTISTA,Cerrada,.
COCHABAMBA 1,80980456,MARIA JOSEFA MUJIA,Alternativa y Especial,Fiscal,7004/2005,21/12/2005,CENTRAL,CALAMA Y 25 DE MAYO,Abierta,.
COCHABAMBA 1,80980321,ABAROA C,Alternativa y Especial,Fiscal,R.A.  6246/2024,31/12/2024,CENTRAL,AVENIDA AYACUCHO NRO 336 ENTRE SANTIVAÑEZ Y JORDAN,Abierta,.
COCHABAMBA 1,80980516,JOSEFINA GOITIA,Alternativa y Especial,Fiscal,6600,15/12/2005,CENTRAL,ECUADOR Nro 179 ESQUINA BAPTISTA,Abierta,.
COCHABAMBA 1,80980567,SANTA MARIA,Alternativa y Especial,Convenio,R.A. 1737/2011,15/8/2011,CENTRAL,ANTEZANA Nro 159,Abierta,.
COCHABAMBA 1,80980488,DON BOSCO D,Alternativa y Especial,Fiscal,6229/2024,10/7/2019,CENTRAL,JUNIN ESQUINA HEROINAS Nro 118,Abierta,.
COCHABAMBA 1,80980569,PNP COCHABAMBA 3,Alternativa y Especial,Fiscal,R.M. 246/2012,15/5/2012,CENTRAL,CALLE ECUADOR Nº 442,Abierta,.
COCHABAMBA 1,80980498,JULIO TERAN ROCHA,Alternativa y Especial,Fiscal,7061,27/12/2005,CENTRAL,JUNIN Nro 113,Abierta,.
COCHABAMBA 1,80980539,CREATIVE KIDS,Regular,Privada,0851/2006,24/4/2006,CENTRAL - QUERU QUERU,AVENIDA CIRCUNVALACIÓN N° 643,Abierta,.
COCHABAMBA 1,80980683,LONDRES CONTINENTAL,Regular,Privada,R.A. 6210/2022,28/12/2022,CENTRO,25 DE MAYO ENTRE LADISLAO CABRERA Y URUGUAY,Abierta,.
COCHABAMBA 1,80980651,CRISTO MAESTRO C.E.H,Regular,Privada,R.A.1812/2021,13/8/2021,CENTRO,CALAMA160,Abierta,.
COCHABAMBA 1,80980433,PROMESAS MISIONERAS A CRISTO REY,Regular,Privada,R.A. 0036/2020,27/1/2020,CERCADO,COCHABAMBA,Abierta,.
COCHABAMBA 2,80980115,29 DE SEPTIEMBRE,Regular,Fiscal,R.A. 794/2012,18/4/2012,CERRO SAN MIGUEL,FINAL AV. RIVAS UGALDE,Abierta,.
COCHABAMBA 2,80980116,SAN MIGUEL,Regular,Fiscal,R.A 17/2024,2/1/2024,CERRO SAN MIGUEL,FINAL AV. RIVAS UGALDE,Abierta,.
COCHABAMBA 2,80980002,ABAROA B,Regular,Fiscal,R.A. 3401/2023,15/9/2023,CHIMBA,AV. MELCHOR PEREZ ESQ. MONSEÑOR CABALLERO,Abierta,.
COCHABAMBA 2,80980374,FATIMA,Regular,Privada,R.A. 2750/2015,8/9/2015,CHIMBA,CALLE FRANCISCO PADILLA ESQUINA OLMOS,Abierta,.
COCHABAMBA 2,80980561,JUANCITO PINTO B,Regular,Fiscal,R.A. 2174/2010,8/10/2010,CIUDAD COCHABAMBA,AVENIDA PETROLERA KILOMETRO 9,Abierta,.
COCHABAMBA 2,80980558,PENIEL,Regular,Privada,R.A. 0514/2012,7/3/2012,CIUDAD COCHABAMBA,AVENIDA HUMBERTO ASIN PASAJES VICNES Y JULO S/N,Abierta,.
COCHABAMBA 2,80980566,TIQUIRANI,Regular,Fiscal,R.A. 0263/2012,1/2/2012,CIUDAD COCHABAMBA,PAMPA SAN MIGUEL SECTOR TIQUIRANI,Abierta,.
COCHABAMBA 2,80980532,MARIA AYMA MAMANI,Regular,Fiscal,R.A. 2082/2008,22/12/2008,CIUDAD COCHABAMBA,AVENIDA PETROLERA KM 5 1/7 ZONA K'ARA K'ARA,Abierta,.
COCHABAMBA 2,80980518,BUENA VISTA LIBERTAD,Regular,Fiscal,2762/2007,7/12/2007,CIUDAD COCHABAMBA,S/N FINAL AV. PANAMERICANA - ALTO BUENA VISTA,Abierta,.
COCHABAMBA 2,80980504,DIONISIO MORALES CHOQUE,Regular,Fiscal,R.A. 0015/2010,5/1/2010,CIUDAD COCHABAMBA,AVENIDA PETROLERA KM 5 1/7 ZONA K'ARA K'ARA,Abierta,.
COCHABAMBA 2,80980510,CANAAN,Regular,Privada,R.A. 3548/2017,19/12/2017,CIUDAD COCHABAMBA,AV. VALLE HERMOSO ESQUINA CALLE HUANCHACA S/N,Abierta,.
COCHABAMBA 2,80980560,BUENA VISTA LIBERTAD A,Regular,Fiscal,R.A. 1989/2010,16/9/2010,CIUDAD COCHABAMBA,S/N FINAL AV. PANAMERICANA - ALTO BUENA VISTA,Abierta,.
COCHABAMBA 2,80980494,ANTONIO DIEZ,Regular,Convenio,6627/2005,19/12/2005,CIUDAD COCHABAMBA,CARRETERA A SANTIVAÑEZ S/N,Abierta,.
COCHABAMBA 2,80980541,NACIONAL SAN ISIDRO,Regular,Fiscal,R.A. 2397/2009,14/10/2009,CIUDAD COCHABAMBA,.,Abierta,.
COCHABAMBA 2,80980550,PLURINACIONAL SAN ISIDRO,Regular,Fiscal,R.A. 0669/2010,19/3/2010,CIUDAD COCHABAMBA,.,Abierta,.
COCHABAMBA 2,80980477,MARINA NUÑEZ DEL PRADO,Regular,Convenio,R.A. 793/2012,18/4/2012,CIUDAD COCHABAMBA,ALTO MIRADOR TICTI SUD,Abierta,.
COCHABAMBA 2,80980515,PADRE LUIS DIEZ DEL POZO,Regular,Convenio,2732/2006,25/10/2006,CIUDAD COCHABAMBA,"AV. ZOFRACO, DESVIO A LUCARITA CHICA",Abierta,.
COCHABAMBA 2,80980481,MARIA DEL CAMINO,Alternativa y Especial,Convenio,R.A. 3877/2015,3/12/2015,CIUDAD COCHABAMBA,CALLE BALLIVIAN Nº 76,Abierta,.
COCHABAMBA 2,80980482,CANATA,Alternativa y Especial,Fiscal,R.M. 0764/2019,10/7/2019,CIUDAD COCHABAMBA,AVENIDA MARTIRES DE LA DEMOCRACIA,Abierta,.
COCHABAMBA 2,80980526,SAN FRANCISCO XAVIER A,Alternativa y Especial,Convenio,6433/2005,2/12/2005,CIUDAD COCHABAMBA,CALLE BALLIVIAN Nº 76,Cerrada,.
COCHABAMBA 2,80980483,LUIS TABORGA,Alternativa y Especial,Fiscal,5075/2024,10/7/2019,CIUDAD COCHABAMBA,CALLE TABLAS Nº 0980,Abierta,.
COCHABAMBA 2,80980485,SAN MIGUEL A,Alternativa y Especial,Convenio,6431/2005,2/12/2005,CIUDAD COCHABAMBA,AV. SUECIA S/N HUAYRA K'ASSA,Abierta,.
COCHABAMBA 1,80980555,BARNEY,Regular,Privada,R.A. 1518/2010,21/7/2010,CIUDAD COCHABAMBA,CALLE 15 DE AGOSTO 1761,Abierta,.
COCHABAMBA 1,80980544,MUNDO DE JUGUETE,Regular,Privada,R.A. 2545/2009,26/10/2009,CIUDAD COCHABAMBA,.,Abierta,.
COCHABAMBA 1,80980472,SANTIAGO,Regular,Convenio,08/2006,10/1/2006,CIUDAD COCHABAMBA,ACHANDARA Y CALLE IMNOMINADA,Abierta,.
COCHABAMBA 1,80980513,INSTITUTO DE EDUCACION INTEGRAL DEL INFANTE,Regular,Privada,649/2006,21/3/2006,CIUDAD COCHABAMBA,CALLE JUNIN N 980 - ESQUINA COSTANERA,Abierta,.
COCHABAMBA 1,80980574,ALTO DE LA ALIANZA,Regular,Privada,R.A. 0068/2011,11/1/2011,CIUDAD COCHABAMBA,CALLE ESTEBAN ARZE Nº 1060 ENTRE MONTES Y HONDURAS,Cerrada,.
COCHABAMBA 1,80980233,DR. EDGAR MONTAÑO RIVERA,Regular,Fiscal,R.A. 5121/2022,21/9/2022,CIUDAD COCHABAMBA,YURACARE S/N,Abierta,.
COCHABAMBA 1,80980478,BALLESTER,Regular,Privada,0660/2005,18/4/2005,CIUDAD COCHABAMBA,CALLE ESTEBAN ARCE ENTRE MONTES Y HONDURAS,Cerrada,.
COCHABAMBA 1,80980512,HUELLITAS,Regular,Privada,R.A. 2407/2017,11/9/2017,CIUDAD COCHABAMBA,CALLE FELIX DEL GRANADO Nº 1552,Abierta,.
COCHABAMBA 1,80980474,HEROES DEL BOQUERON,Regular,Privada,1476/2005,10/8/2005,CIUDAD COCHABAMBA,CALLE LA PAZ Nº E- 0587,Abierta,.
COCHABAMBA 1,80980591,TIC TAC TOE,Regular,Privada,R.A. 2501/2016,15/9/2016,CIUDAD COCHABAMBA,CALLE ALCIBIADES GUZMAN N° 838,Abierta,.
COCHABAMBA 1,80980508,JOHN DEWEY,Regular,Privada,R.A. 0005/2016,4/1/2016,CIUDAD COCHABAMBA,AVENIDA SIMON LOPEZ Nro 888,Abierta,.
COCHABAMBA 1,80980562,JUAN BOSCO,Regular,Privada,R.A. 3596/2010,21/12/2010,CIUDAD COCHABAMBA,AVENIDA 16 DE JULIO Nº 338 ENTRE VENEZUELA Y ECUADOR,Abierta,.
COCHABAMBA 1,80980506,CLEVERLAND,Regular,Privada,0434/2005,16/3/2005,CIUDAD COCHABAMBA,CALLE OBISPO ANAYA Nro 255,Cerrada,.
COCHABAMBA 1,80980475,CENTRO DE EDUCACION INICIAL BILINGUE KIKU,Regular,Privada,07/2004,10/2/2004,CIUDAD COCHABAMBA,CALLE BENJAMIN BLANCO,Abierta,.
COCHABAMBA 1,80980511,JEERELO,Regular,Privada,183/2007,31/1/2007,CIUDAD COCHABAMBA,AVENIDA SANTA CRUZ # 1826,Cerrada,.
COCHABAMBA 1,80980500,SIMON RODRIGUEZ,Alternativa y Especial,Fiscal,R.M. 0764/2019,10/7/2019,CIUDAD COCHABAMBA,AV. AYACUCHO Y CALLE TARATA,Abierta,.
COCHABAMBA 1,80980490,DON BOSCO A,Alternativa y Especial,Convenio,7088/2005,29/12/2005,CIUDAD COCHABAMBA,FRANCISCO PIZARRO 355,Abierta,.
COCHABAMBA 1,80980523,GESTION MUNICIPAL PRODUCTIVA COMUNITARIA,Alternativa y Especial,Fiscal,631/2008,3/4/2008,CIUDAD COCHABAMBA,AV. BLANCO GALINDO,Abierta,.
COCHABAMBA 1,80980491,DON BOSCO C,Alternativa y Especial,Convenio,R.M. 0764/2019,10/7/2019,CIUDAD COCHABAMBA,FRANCISCO PIZARRO 355,Abierta,.
COCHABAMBA 1,80980487,VIRGINIA MADRIZ,Alternativa y Especial,Convenio,6597/2005,15/12/2005,CIUDAD COCHABAMBA,AVENIDA FINAL AMERICA OESTE,Abierta,.
COCHABAMBA 1,80980501,LUIS QUINTIN VILA,Alternativa y Especial,Fiscal,R.A. 3010/2021,26/11/2021,CIUDAD COCHABAMBA,YURACARE S/N,Abierta,.
COCHABAMBA 1,80980556,PUERTO DE MEJILLONES,Regular,Fiscal,R.A. 3162/2010,26/11/2010,CIUDAD DE COCHABAMA,CALLE SENOBIO GALLARDO Nº 3454,Cerrada,.
COCHABAMBA 2,80980502,SAN NICOLAS,Regular,Fiscal,R.A. 1898/2013,1/8/2013,CIUDAD DE COCHABAMBA,VILLA SAN NICOLAS,Abierta,.
COCHABAMBA 2,80980640,BOLIVIANO ALEMAN,Regular,Fiscal,R.A. 0665/2019,30/10/2019,CIUDAD DE COCHABAMBA,VILLA SAN NICOLAS,Abierta,.
COCHABAMBA 2,80980465,SIGLO XX,Regular,Fiscal,0427/2005,15/3/2005,COCHABAMBA,DIEGO BENAVIDEZ / PEDRO TOLEDO,Abierta,.
COCHABAMBA 2,80980469,PENIEL,Regular,Privada,747/2005,9/5/2005,COCHABAMBA,.,Cerrada,.
COCHABAMBA 2,80980649,MODULO TECNOLÓGICO COCHABAMBA  B,Regular,Fiscal,R.A. 077/2020,5/3/2020,COCHABAMBA,ALTO COCHABAMBA - TICTI SUD,Abierta,.
COCHABAMBA 2,80980648,MODULO TECNOLÓGICO COCHABAMBA  A,Regular,Fiscal,R.A. 076/2020,5/3/2020,COCHABAMBA,ALTO COCHABAMBA - TICTI SUD,Abierta,.
COCHABAMBA 2,80980497,GABRIELA MISTRAL,Regular,Fiscal,2458/2006,5/10/2006,COCHABAMBA,DIEGO BENAVIDEZ / PEDRO TOLEDO,Abierta,.
COCHABAMBA 1,80980405,SUIZO ALEMAN,Regular,Privada,837,22/8/1994,COCHABAMBA,TAQUIÑA,Abierta,.
COCHABAMBA 1,80980529,CATOLICA SAN PABLO,Regular,Privada,R.A. 868/2008,9/5/2008,COCHABAMBA,TIJSI WIRACOCHA,Cerrada,.
COCHABAMBA 1,80980551,PLAZA SESAMO,Regular,Privada,R.A. 0522/2010,3/3/2010,COCHABAMBA,.,Abierta,.
COCHABAMBA 1,80980440,MARIA MONTESSORI,Regular,Privada,224,28/2/1986,COCHABAMBA,CALLI ILLAPA,Cerrada,.
COCHABAMBA 1,80980495,CERECO,Alternativa y Especial,Convenio,6596/2006,15/12/2005,COCHABAMBA,AVENIDA 9 DE ABRIL Nª 1506,Abierta,.
COCHABAMBA 1,80980257,RAYMUNDO HERMAN,Regular,Fiscal,R.A. 01036/2009,29/5/2009,CONDEBAMBA,CONDEBAMBA ZONA NORTE,Abierta,.
COCHABAMBA 1,80980468,CASA DE LOS NIÑOS,Regular,Privada,R.A. 0273/2008,8/2/2008,CONDEBAMBA,AVENIDA GERMAN BUSCH Nº 7 DE CONDEBAMBA NORTE.,Abierta,.
COCHABAMBA 1,80980489,AMERICANO A,Alternativa y Especial,Fiscal,7050/2005,27/12/2005,CONDEBAMBA,CONDEBAMBA ZONA NORTE,Abierta,.
COCHABAMBA 2,80980124,JOSE IGNACIO DE SANJINES,Regular,Fiscal,R.A. 0312/2018,1/2/2018,COÑA COÑA,PROLONGACION D´ORBIGNY,Abierta,.
COCHABAMBA 2,80980032,MARIA EMILIA RIQUELME,Regular,Fiscal,R.A. 2432/2009,19/10/2009,COÑA COÑA,AV. CAPITAN USTARIZ S/N,Abierta,.
COCHABAMBA 2,80980466,GENOVEVA RIOS,Regular,Fiscal,R.A. 3033/2012,9/11/2012,COÑA COÑA,AV. CAPITAN USTARIZ S/N,Abierta,.
COCHABAMBA 2,80980084,4 DE MARZO,Regular,Fiscal,2858/2000,17/7/2000,COÑA COÑA,PROLONGACION D´ORBIGNY,Abierta,.
COCHABAMBA 2,80980085,JUANCITO PINTO,Regular,Fiscal,3170/2000,26/7/2000,COÑA COÑA,AV. GUIDO BRAULT OMI,Abierta,.
COCHABAMBA 2,80980083,JESUS DE NAZARETH,Regular,Fiscal,R.A. 0418/2018,16/2/2018,COÑA COÑA,AV. GUIDO BRAULT OMI,Abierta,.
COCHABAMBA 2,80980297,JUAN XXIII,Regular,Fiscal,R.A. 1850/2009,1/9/2009,COÑA COÑA,AV. GUIDO BRAULT OMI,Abierta,.
COCHABAMBA 2,80980221,MARIA AUXILIADORA,Regular,Convenio,R.A. 6130/2024,26/12/2024,DON BOSCO SUD,SAN FRANCISCO DE SALES,Abierta,.
COCHABAMBA 2,80980428,MARIA MAZZARELLO,Regular,Convenio,R.A. 1845/2009,1/9/2009,DON BOSCO SUD,SAN FRANCISCO DE SALES,Abierta,.
COCHABAMBA 2,80980463,BARTOLINA SISA,Regular,Fiscal,R.A. 3077/2012,14/11/2012,ENCAÑADA,AVENIDA BUENA VISTA,Abierta,.
COCHABAMBA 2,80980312,CARLOS MEDINACELLI,Regular,Fiscal,R.A. 0303/2012,8/2/2012,ENCAÑADA,AVENIDA BUENA VISTA,Abierta,.
COCHABAMBA 1,80980437,SAN PEDRO,Regular,Privada,199,16/2/1987,ESTE,COCHABAMBA,Cerrada,.
COCHABAMBA 1,80980348,LORENZO FILHO,Regular,Privada,309,4/3/1987,ESTE,JUAN DE LA CRUZ TORREZ,Cerrada,.
COCHABAMBA 1,80980644,REY DE REYES,Regular,Privada,R.A. 009/2020,8/1/2020,HIPODROMO,PARQUE EX  COMBATIENTES ESQUINA SAN LORENZO,Abierta,.
COCHABAMBA 1,80980419,BEDA CARRASCO DE HERESI,Regular,Privada,1709/99,29/2/2000,HIPODROMO,COBIJA Y CAMARONES,Abierta,.
COCHABAMBA 1,80980159,MANUEL TABORGA,Regular,Fiscal,R.A. 1228/2009,25/6/2009,HOSPITAL VIETMA,ISMAEL VASQUEZ,Cerrada,.
COCHABAMBA 1,80980158,ABEL ARANIBAR,Regular,Fiscal,3468/2000,31/7/2000,HOSPITAL VIETMA,ISMAEL VASQUEZ,Abierta,.
COCHABAMBA 2,80980063,BUENAS NUEVAS D,Regular,Fiscal,R.A. 899/2009,13/5/2009,HUAYRA K ASSA,AV. SUECIA Nro 1170,Abierta,.
COCHABAMBA 2,80980064,BUENAS NUEVAS C,Regular,Fiscal,R.A. 847/2009,7/5/2009,HUAYRA K ASSA,AV. SUECIA Nro 1170,Abierta,.
COCHABAMBA 2,80980484,ALFALIT BOLIVIANO,Alternativa y Especial,Fiscal,R.M. 0764/2019,10/7/2019,HUAYRA K ASSA,AV. SUECIA Nro 1170,Abierta,.
COCHABAMBA 2,80980041,SUECIA,Regular,Fiscal,R.A. 5063/2023,12/12/2023,HUAYRACASA,AV. SUECIA S/N,Abierta,.
COCHABAMBA 2,80980040,RICARDO PRUDENCIO ARIAS,Regular,Fiscal,R.A. 5417/2024,3/12/2024,HUAYRACASA,AV. SUECIA S/N,Abierta,.
COCHABAMBA 2,80980596,PROF. JAIME ALFONSO ESCALANTE GUTIERREZ,Regular,Fiscal,R.A.  4815/2022,24/8/2022,INNOMINADA S/N,INNOMINADA S/N,Abierta,.
COCHABAMBA 1,80980380,CAPILLA DE COCHABAMBA,Regular,Privada,74,21/1/1991,IRLANDES,CARRETERA A SACABA KM 2 1/2 S/N,Abierta,.
COCHABAMBA 2,80980160,LAURA VICUÑA,Regular,Convenio,R.A. 5418/2024,3/12/2024,ITOCTA,ITOCTA,Abierta,.
COCHABAMBA 2,80980250,ARNOLDO SCHWIMMER GAMZA,Regular,Fiscal,R.A. 6061/2024,19/12/2024,ITOCTA SAN JOAQUIN,CENTRAL ITOCTA SAN JOAQUIN CALLE PAMPA AULLAGAS,Abierta,.
COCHABAMBA 2,80980461,JUAN LECHIN OQUENDO,Regular,Fiscal,0307/2007,13/2/2007,ITOCTA SAN JOAQUIN,CENTRAL ITOCTA SAN JOAQUIN CALLE PAMPA AULLAGAS,Abierta,.
COCHABAMBA 2,80980436,LUZ Y VERDAD,Regular,Privada,R.A. 1447/2022,3/5/2022,ITOCTA TAMBORADA,ITOCTA TAMBORADA,Abierta,.
COCHABAMBA 2,80980207,SAN JOAQUIN,Regular,Fiscal,R.A. 0053/2021,12/1/2021,JAIHUAYCO,PLAZA 14 DE NOVIEMBRE,Abierta,.
COCHABAMBA 2,80980205,ISMAEL VASQUEZ,Regular,Fiscal,R.A. 851/2024,4/3/2024,JAIHUAYCO,PLAZA 14 DE NOVIEMBRE,Abierta,.
COCHABAMBA 2,80980203,EMILIO QUIROGA,Regular,Fiscal,.,1/1/1900,JAIHUAYCO,PLAZA 14 DE NOVIEMBRE,Cerrada,.
COCHABAMBA 2,80980206,REPUBLICA DEL PERU,Regular,Fiscal,R.A. 1937/2020,29/12/2020,JAIHUAYCO,PLAZA 14 DE NOVIEMBRE,Abierta,.
COCHABAMBA 2,80980334,SAN JOAQUIN A,Regular,Privada,R.A. 0249/2018,25/1/2018,JAIHUAYCO,AV. SILES S/N ESQUINA CALLE TABLAS,Abierta,.
COCHABAMBA 2,80980247,SAN FRANCISCO DE ASIS A,Regular,Convenio,0039/98,8/1/1998,JAIHUAYCO,JAIHUAYCO SEBASTIAN PAGADOR ESQ. SIPE SIPE,Abierta,.
COCHABAMBA 2,80980521,FUERZA AEREA BOLIVIANA,Alternativa y Especial,Fiscal,R.A. 4702/2023,6/11/2023,JAIHUAYCO,ZONA SUD JAIHUAYCO,Abierta,.
COCHABAMBA 2,80980586,BOLIVIA HOLANDA,Regular,Fiscal,R.A. 0710/2019,21/11/2019,K'ASA HUASA,BARRIO K'ASA HUASA,Abierta,.
COCHABAMBA 2,80980652,INNOVA BELEN ARRUMANI,Regular,Fiscal,R.A. 2539/2021,13/10/2021,KARA KARA ARRUMANI DISTRITO 15 ZONA SUD CBBA,AV.TIBURON Y CALLE MARLIN BLANCO,Abierta,.
COCHABAMBA 1,80980416,SANTO DOMINGO DE GUZMAN,Regular,Privada,R.A. 2541/2021,14/10/2021,LA CAROLINA,FINAL AMERICA OESTE,Abierta,.
COCHABAMBA 1,80980442,SANTO DOMINGO,Alternativa y Especial,Convenio,R.M. 0764/2019,10/7/2019,LA CAROLINA,FINAL AMERICA OESTE,Abierta,.
COCHABAMBA 2,80980080,PETER TRAVESI,Regular,Fiscal,R.A. 2200/2009,28/9/2009,LA CHIMBA,MONSEÑOR ANGEL MARIA ZEBALLOS,Abierta,.
COCHABAMBA 2,80980052,REPUBLICA DE MEXICO,Regular,Fiscal,R.A. 2254/2016,24/8/2016,LA CHIMBA,AVENIDA BENEMERITOS DE LA GUERRA DEL CHACO,Abierta,.
COCHABAMBA 2,80980021,ADELA ZAMUDIO A,Regular,Fiscal,R.A. 2440/2009,19/10/2009,LA CHIMBA,WALDO ROCHA Y CAPITAN VICTOR USTARIZ,Abierta,.
COCHABAMBA 2,80980079,ESTEBAN ARZE,Regular,Fiscal,R.A. 5815/2024,12/12/2024,LA CHIMBA,MONSEÑOR ANGEL MARIA ZEBALLOS,Abierta,.
COCHABAMBA 2,80980050,GUILLERMO URQUIDI,Regular,Fiscal,1952/2000,7/7/2000,LA CHIMBA,AVENIDA BENEMERITOS DE LA GUERRA DEL CHACO,Abierta,.
COCHABAMBA 2,80980057,SANTA MARIA MICAELA B,Regular,Convenio,R.A. 0667/2019,31/10/2019,LA CHIMBA,AV. INGAVI Y GUILLERMO SANCHEZ S/N,Abierta,.
COCHABAMBA 2,80980022,FRANCISCO GONZALES PRADA,Regular,Fiscal,R.A. 2207/2009,28/9/2009,LA CHIMBA,WALDO ROCHA Y CAPITAN VICTOR USTARIZ,Abierta,.
COCHABAMBA 2,80980598,PILAR SEJAS MERCADO,Regular,Fiscal,R.A. 0770/2017,28/3/2017,LA CHIMBA,MONSEÑOR ANGEL MARIA ZEBALLOS,Abierta,.
COCHABAMBA 2,80980078,NILO SORUCO ARANCIBIA,Regular,Fiscal,R.A.2201/2009,28/9/2009,LA CHIMBA,MONSEÑOR ANGEL MARIA ZEBALLOS,Abierta,.
COCHABAMBA 2,80980228,NATANIEL AGUIRRE,Regular,Fiscal,R.A. 0480/2019,16/7/2019,LA CHIMBA,AV. GENERAL CAMPERO S/N LA CHIMBA,Abierta,.
COCHABAMBA 2,80980051,JOSE CUPERTINO CAERO VIDES,Regular,Fiscal,R.A. 2205/2009,28/9/2009,LA CHIMBA,AVENIDA BENEMERITOS DE LA GUERRA DEL CHACO,Cerrada,.
COCHABAMBA 2,80980056,SANTA MARIA MICAELA A,Regular,Convenio,R.A. 646/2012,28/3/2012,LA CHIMBA,AV. INGAVI Y GUILLERMO SANCHEZ S/N,Abierta,.
COCHABAMBA 2,80980227,ELIODORO VILLAZON,Regular,Fiscal,R.A. 6142/2024,27/12/2024,LA CHIMBA,AV. GENERAL CAMPERO S/N LA CHIMBA,Abierta,.
COCHABAMBA 2,80980017,BOLIVIA B,Regular,Fiscal,R.A. 3568/2016,16/12/2016,LA MAICA QUENAMARI,MAICA QUENAMARI,Abierta,.
COCHABAMBA 1,80980096,CASITA DE NAZARETH,Regular,Fiscal,1572/2006,13/7/2006,LA VERTIENTE,PASAJE MARIA LUISA PACHECO,Abierta,.
COCHABAMBA 2,80980434,BOLIVIA JAPON MAÑANA,Regular,Fiscal,R.A.  579/2023,6/3/2022,LACMA,SANTA LUCIA Y AV. MARIA AUXILIADORA,Abierta,.
COCHABAMBA 2,80980143,BOLIVIA JAPON TARDE,Regular,Fiscal,R.A. 1289/2020,8/10/2020,LACMA,SANTA LUCIA Y AV. MARIA AUXILIADORA,Abierta,.
COCHABAMBA 2,80980142,CAMARA JUNIOR A,Regular,Fiscal,4282/2000,18/10/2000,LAJMA BARRIO LINDO,FINAL PANAMERICANA,Abierta,.
COCHABAMBA 2,80980144,CAMARA JUNIOR C,Regular,Fiscal,R.A. 0659/2019,28/10/2019,LAJMA BARRIO LINDO,FINAL PANAMERICANA,Abierta,.
COCHABAMBA 2,80980643,IGNACIA ZEBALLOS TABORGA,Alternativa y Especial,Fiscal,R.A. 0662/2019,29/10/2019,LAJMA BARRIO LINDO,FINAL PANAMERICANA,Abierta,.
COCHABAMBA 2,80980588,WAWA RIQCH'ARINA,Regular,Privada,R.A. 2512/2015,21/8/2015,LAMAICA,CALLE ANTENOR DE LA VIA,Cerrada,.
COCHABAMBA 1,80980035,FIDEL ARANIBAR,Regular,Fiscal,R.A. 0282/2019,7/3/2019,LAS CUADRAS,9 DE ABRIL Nro 1076 ENTRE CUBA Y LITORAL,Abierta,.
COCHABAMBA 1,80980376,CENDI,Regular,Privada,1932/97,21/10/1997,LAS CUADRAS,CALLE SUCRE Y JOSE POL,Abierta,.
COCHABAMBA 1,80980086,SAN RAFAEL,Regular,Convenio,.,1/1/1900,LAS CUADRAS,HANS GRETTER Nro 1546,Cerrada,.
COCHABAMBA 1,80980148,AVE MARIA,Regular,Convenio,0236/2001,12/3/2001,LAS CUADRAS,HANS GRETHER Nro 1646,Abierta,.
COCHABAMBA 1,80980036,MERCEDES CANDIA DE OVANDO,Regular,Fiscal,3146/2000,25/7/2000,LAS CUADRAS,PARQUE DEL MAESTRO S/N,Abierta,.
COCHABAMBA 1,80980306,SAN RAFAEL B,Regular,Convenio,R.A. 6042/2024,19/12/2024,LAS CUADRAS,HANS GRETTER Nro 1546,Abierta,.
COCHABAMBA 1,80980398,JESUS MANUEL CARMONA,Regular,Privada,R.A. 5496/2022,25/10/2022,LAS CUADRAS,CALLE REPUBLICA DOMINICANA NO. 746 ENTRE ARMANDO MENDEZ Y 9 DE ABRIL,Abierta,.
COCHABAMBA 1,80980034,WALTER VALLEJOS,Regular,Fiscal,R.A. 0531/2019,7/8/2019,LAS CUADRAS,9 DE ABRIL Nro 1076 ENTRE CUBA Y LITORAL,Abierta,.
COCHABAMBA 1,80980147,JESUS MARIA A,Regular,Convenio,3466/2000,31/7/2000,LAS CUADRAS,HANS GRETHER Nro 1646,Abierta,.
COCHABAMBA 1,80980087,SAN RAFAEL A,Regular,Convenio,R.A. 4340/2014,29/12/2014,LAS CUADRAS,HANS GRETTER Nro 1546,Abierta,.
COCHABAMBA 1,80980198,AUGUSTO GUZMAN,Regular,Fiscal,R.A. 2736/2008,31/12/2008,LAS CUADRAS,PARQUE DEL MAESTRO S/N,Abierta,.
COCHABAMBA 1,80980509,CEPRA,Alternativa y Especial,Convenio,R.A. 2453/2023,6/7/2023,LAS CUADRAS,CALLEHANS GRETHER E. N°1570,Abierta,.
COCHABAMBA 1,80980305,PREEFA,Alternativa y Especial,Convenio,7117,29/12/2005,LAS CUADRAS,HANS GRETHER Nro 405,Abierta,.
COCHABAMBA 1,80980444,LADISLAO CABRERA,Alternativa y Especial,Fiscal,6248/2024,31/12/2024,LAS CUADRAS,9 DE ABRIL Nro 1076 ENTRE CUBA Y LITORAL,Abierta,.
COCHABAMBA 1,80980391,FEDERICO FROEBEL,Regular,Privada,R.A.2467/2017,18/9/2017,LOMAS DE ARANJUEZ,AVENIDA MELCHOR URQUIDI S/N,Abierta,.
COCHABAMBA 2,80980519,BARBARA LAMAS,Regular,Fiscal,2763/2007,7/12/2007,LOMAS DE SANTA BARBARA,LOMAS DE SANTA BARABARA,Abierta,.
COCHABAMBA 2,80980530,AGUSTIN MORALES HERNANDEZ,Regular,Fiscal,R.A. 2067/2008,20/10/2008,LOMAS DE SANTA BARBARA,LOMAS DE SANTA BARABARA,Abierta,.
COCHABAMBA 2,80980656,ERNESTO CHE GUEVARA,Regular,Fiscal,R.A. 3389/2021,29/12/2021,LOMAS DE SANTA BÁRBARA,CALLE INNOMINADA TRAS EL MERCADO 12 DE JULIO DE LOMAS DE SANTA BÁRBARA,Abierta,.
COCHABAMBA 2,80980007,DR. DEMETRIO CANELAS CANELAS,Regular,Fiscal,R.A. 5805/2024,12/12/2024,MAICA CENTRAL,MAICA CENTRAL,Abierta,.
COCHABAMBA 1,80980039,PETROLERO SANANDITA,Regular,Fiscal,R.A. 01033/2009,29/5/2009,MAYORASGO,CALLE JOEL CAMACHO S/N,Abierta,.
COCHABAMBA 1,80980012,COCHABAMBA A,Regular,Fiscal,R.A. 01040/2009,29/5/2009,MAYORASGO,CALLE JOEL CAMACHO S/N,Abierta,.
COCHABAMBA 1,80980013,COCHABAMBA B,Regular,Fiscal,648,20/5/1993,MAYORASGO,CALLE JOEL CAMACHO S/N,Cerrada,.
COCHABAMBA 1,80980381,ENSEÑANZA COCHABAMBA,Regular,Privada,R.A. 3400/2023,15/9/2023,MESADILLA,AVENIDA CIRCUNVALACION S/N,Abierta,.
COCHABAMBA 1,80980244,VILLA GRACIELA,Regular,Fiscal,R.A. 0459/2019,3/7/2019,MESADILLA,AV. CIRCUNVALACION VILLA GRACIELA PACATA,Abierta,.
COCHABAMBA 1,80980600,JARDIN DE TESOROS,Regular,Privada,R.A. 3460/2017,11/12/2017,MESADILLA,CALLE LUIS LARA N° 268,Abierta,.
COCHABAMBA 1,80980245,CORNELIO FERNANDEZ,Regular,Fiscal,3152/2000,25/7/2000,MESADILLA,AV. CIRCUNVALACION VILLA GRACIELA PACATA,Abierta,.
COCHABAMBA 2,80980686,METROPOLITANA,Regular,Fiscal,R.A. 4570/2023,20/10/2023,METROPOLITANA,"CALLE INNOMINADA, INMEDIACIONES DE LA POSTA VILLA ISRAEL.",Abierta,.
COCHABAMBA 1,80980377,VILLA DE OROPEZA,Regular,Privada,302,27/2/1987,MIRAFLORES,MARIANO BORDA S/NI,Cerrada,.
COCHABAMBA 2,80980538,ADRA JUAN XXIII,Alternativa y Especial,Fiscal,R.A. 222/2012,27/1/2012,MONSEÑOR ROSALES,FRANCISCO CANO ESQUINA D'ORBIGNI,Abierta,.
COCHABAMBA 1,80980400,EJERCITO COCHABAMBA,Regular,Privada,2117/98,21/10/1998,MUYURINA,AVENIDA RAMON RIVERO S/N,Abierta,.
COCHABAMBA 1,80980368,ESCLAVAS DEL SAGRADO CORAZON DE JESUS,Regular,Privada,R.A. 2329/2017,30/8/2017,MUYURINA,AVENIDA VILLAZON,Abierta,.
COCHABAMBA 1,80980423,DIVINO TESORO,Regular,Privada,222,20/2/1987,MUYURINA,TEODOMIRO BELTRAN S/N,Cerrada,.
COCHABAMBA 1,80980355,DOMINGO SAVIO,Regular,Privada,R.A. 1445/2021,30/6/2021,MUYURINA,AV. ANICETO ARCE Nro 804,Abierta,.
COCHABAMBA 1,80980430,NUEVO JARDIN,Regular,Privada,2182/99,8/12/1999,MUYURINA,PASAJE VILLA SAN FRANCISCO Nro 42,Cerrada,.
COCHABAMBA 1,80980410,LOS ANGELES,Regular,Privada,2184,21/6/1989,MUYURINA INCACOLLO,MELCHOR TERRAZAS Nro 1756,Abierta,.
COCHABAMBA 1,80980594,METROPOLITANA,Regular,Privada,R.A. 4816/2022,24/8/2022,NOR ESTE,CALLE TARAPACA N° 341 ENTRE ECUADOR Y MAYOR ROCHA,Abierta,.
COCHABAMBA 1,80980371,DESPERTAD,Regular,Privada,R. M. 223,20/2/1987,NOR OESTE,PASAJE ZOOLOGICO Nº 1167,Abierta,.
COCHABAMBA 1,80980545,CRAYOLA,Regular,Privada,R.A. 0219/2007,5/2/2007,NORTE,.,Cerrada,.
COCHABAMBA 1,80980507,SANTA ROSA DE LIMA,Regular,Privada,2751/2007,9/12/2004,NORTE,BARRIO PETROLERO MAYORAZGO ZONA NORTE,Abierta,.
COCHABAMBA 1,80980543,LA EDAD DE ORO,Regular,Privada,R.A. 2327/2023,30/6/2023,NORTE,AV. JUAN DE LA ROSA ENTRE AV. MELCHOR PEREZ Y AV. BEIJIN Nº 0-1433,Abierta,.
COCHABAMBA 1,80980542,ADVENTISTA COCHABAMBA,Regular,Privada,R.A. 1745/2009,27/8/2009,NORTE,.,Abierta,.
COCHABAMBA 1,80980583,MI PEQUEÑO TRAVIESO,Regular,Privada,R.A. 1063/2017,25/4/2017,NORTE,CALLE LA PLATA ENTRE DORBIGNI Y NUEVA CASTILLA,Abierta,.
COCHABAMBA 1,80980553,SAN VICENTE DE PAUL,Regular,Convenio,R.A. 4057/2015,16/12/2015,NORTE,CALLE JUNIN 631 ENTRE REZA Y LA PAZ,Abierta,.
COCHABAMBA 1,80980373,SIGLO XXI,Regular,Privada,2290/98,2/12/1998,NORTE CALA CALA,CALLE KOLLASUYO Nro 648,Cerrada,.
COCHABAMBA 1,80980546,GENOVEVA RIOS,Regular,Fiscal,R.A. 3096/2009,15/12/2009,NORTE TEMPORAL PAMPA,.,Abierta,.
COCHABAMBA 2,80980325,GERONIMO DE OSORIO,Regular,Privada,R.A. 5497/2018,12/12/2018,OESTE,AV. CAPITAN VICTOR USTARIZ KM. 3,Abierta,.
COCHABAMBA 2,80980630,ALTO FLORIDA,Regular,Fiscal,R.A. 0622/2019,17/10/2019,OESTE,PUCARA GRANDE,Abierta,.
COCHABAMBA 1,80980189,FAUSTINO SUAREZ ARNEZ,Regular,Fiscal,R.A. 01031/2009,29/5/2009,OESTE,MILIVOY ETEROVICH PARQUE ZOOLOGICO,Abierta,.
COCHABAMBA 1,80980191,JOSE GABRIEL DE GUMUCIO,Regular,Fiscal,R.A. 6049/2024,19/12/2024,OESTE,MILIVOY ETEROVICH PARQUE ZOOLOGICO,Abierta,.
COCHABAMBA 1,80980125,REPUBLICA DE VENEZUELA,Regular,Fiscal,6613/2005,19/12/2005,OESTE SARCO,DEMETRIO CANELAS Y CORNEJO,Abierta,.
COCHABAMBA 1,80980028,JULIO JAUREGUI,Regular,Fiscal,R.A. 01039/2009,29/5/2009,OESTE SARCO,DEMETRIO CANELAS Y CORNEJO,Abierta,.
COCHABAMBA 2,80980697,ALTO PARAISO,Regular,Fiscal,R.A. 3328/2024,22/7/2024,OTB ALTO PARAISO,ALTO PARAISO,Abierta,.
COCHABAMBA 1,80980113,OTTO FELIPE BRAUN,Regular,Fiscal,R.A. 0635/2019,18/10/2019,OTB BARRIO POLICIAL,FINAL CIRCUNVALACION OESTE N° 100,Abierta,.
COCHABAMBA 1,80980332,SEÑOR DE MAYO,Regular,Privada,431,14/4/1986,PACATA BAJA,AV. CIRCUNVALACION,Abierta,.
COCHABAMBA 1,80980294,EDMUNDO BOJANOWSKI B,Regular,Convenio,R.A. 0231/2015,5/2/2015,PACATA CENTRAL,PACATA ALTA CALLE 4,Abierta,.
COCHABAMBA 1,80980195,EDMUNDO BOJANOWSKI A,Regular,Convenio,R.A. 1320/2009,25/6/2009,PACATA CENTRAL,PACATA ALTA CALLE 4,Abierta,.
COCHABAMBA 1,80980443,EDMUNDO BOJANOWSKI,Alternativa y Especial,Convenio,R.A. 5089/2024,12/11/2024,PACATA CENTRAL,PACATA ALTA CALLE 4,Abierta,.
COCHABAMBA 2,80980552,NUESTRA SEÑORA DE LA MERCED A,Regular,Fiscal,R.A. 3055/2009,10/12/2009,PAMPA GRANDE,AV. CAPITAN VICTOR USTARIZ S/N,Abierta,.
COCHABAMBA 2,80980049,MARIA CRISTINA,Regular,Fiscal,3046/2000,24/7/2000,PAMPA GRANDE,AV. CAPITAN VICTOR USTARIZ S/N,Abierta,.
COCHABAMBA 2,80980426,OSCAR ROJAS CABALLERO,Regular,Fiscal,R.A. 6025/2024,19/12/2024,PAMPA TICTI SUD,PAMPA TICTI SUD,Abierta,.
COCHABAMBA 1,80980099,JOSE CARLOS CARRILLO,Regular,Fiscal,R.A. 2365/2009,13/10/2009,PARQUE TUNARI,TIRANI,Abierta,.
COCHABAMBA 1,80980208,DON BOSCO B,Regular,Convenio,2869/2006,7/11/2006,PLAZA QUINTANILLA,AVENIDA OQUENDO Nro 758,Abierta,.
COCHABAMBA 1,80980369,DON BOSCO,Regular,Privada,2683/2006,23/10/2006,PLAZA QUINTANILLA,AVENIDA OQUENDO Nro 758,Abierta,.
COCHABAMBA 2,80980470,6 DE AGOSTO,Regular,Fiscal,R.A. 0120/2020,24/8/2020,PUCARA - ZONA SUD,CAMINO A SANTIVAÑEZ - ZONA SUD,Abierta,.
COCHABAMBA 2,80980212,SAN ANTONIO,Regular,Fiscal,R.A. 0381/2016,9/3/2016,PUCARA GRANDE,PUCARA,Abierta,.
COCHABAMBA 2,80980213,SAN ANTONIO DE PUCARA,Regular,Fiscal,R.A. 0380/2016,9/3/2016,PUCARA GRANDE,PUCARA,Abierta,.
COCHABAMBA 2,80980641,COBOL,Regular,Fiscal,R.A. 0723/2019,28/11/2019,PUCARA GRANDE,OTB - COBOL,Abierta,.
COCHABAMBA 2,80980650,SAMARITANO,Alternativa y Especial,Fiscal,R.A. 755/2021,31/3/2021,PUCARA GRANDE,PUCARA,Abierta,.
COCHABAMBA 2,80980214,EUSEBIO TUDELA TAPIA I,Regular,Fiscal,R.A. 4390/2023,29/9/2023,PUCARITA CHICA,PUCARITA CHICA,Abierta,https://rue.sie.gob.bo/accesopub/reportesrue/
COCHABAMBA 2,80980422,EUSEBIO TUDELA TAPIA II,Regular,Fiscal,R.A. 4973/2022,7/9/2022,PUCARITA CHICA,PUCARITA CHICA,Abierta,.
COCHABAMBA 1,80980595,TRAZITOS COLLORS,Regular,Privada,R.A. 3639/2016,23/12/2016,QUERU  QUERU,CALLE RODRIGUEZ MORALES N° 35 ENTRE PANDO Y MELCHOR URQUIDI,Abierta,.
COCHABAMBA 1,80980353,ISAAC ATTIE,Regular,Privada,24,15/1/1993,QUERU QUERU,AV. ANICETO PADILLA Nro 228,Abierta,.
COCHABAMBA 1,80980578,CRECER SUR,Regular,Privada,R.A. 2395/2013,12/9/2013,QUERU QUERU,"CALLE JUAN CAPRILES Nº 0688, ENTRE AV. SANTA CRUZ Y PANTALEON DALENCE",Abierta,.
COCHABAMBA 1,80980351,JAIME ESCALANTE,Regular,Privada,507/2007,8/3/2007,QUERU QUERU,AVENIDA GUALBERTO VILLARROEL Nro 2024,Abierta,.
COCHABAMBA 1,80980389,ANGLO AMERICANO,Regular,Privada,R.A. 1140/2016,19/5/2016,QUERU QUERU,AVENIDA SANTA CRUZ Nro 2018,Abierta,.
COCHABAMBA 1,80980162,AMERICANO VECINAL B,Regular,Convenio,R.A. 01030/2009,29/5/2009,QUERU QUERU,AV. JULIO RODRIGUEZ,Abierta,.
COCHABAMBA 1,80980163,AMERICANO VECINAL C,Regular,Convenio,R.A. 239/2024,26/1/2024,QUERU QUERU,AV. JULIO RODRIGUEZ,Abierta,.
COCHABAMBA 1,80980682,ABRIENDO PUERTAS PAZ Y BIEN LA CASA DEL EKEKO,Regular,Privada,R.A. 5986/2024,17/12/2024,QUERU QUERU,AV. SANTA CRUZ ESQ. ELENEA RENDON,Abierta,.
COCHABAMBA 1,80980033,AMERICANO VECINAL A,Regular,Convenio,R.A. 01034/2009,29/5/2009,QUERU QUERU,AV. JULIO RODRIGUEZ,Cerrada,.
COCHABAMBA 1,80980577,RAGAZZINI,Regular,Privada,R.A. 3836/2024,15/8/2024,QUERU QUERU,CALLE TOMAS FRIAS Nº 1442,Abierta,.
COCHABAMBA 1,80980528,ESTRELLAS DEL MAÑANA,Regular,Privada,2353/2007,30/10/2007,QUERU QUERU,ENTRE AV. VILLARROEL Y SANTA CRUZ,Abierta,.
COCHABAMBA 1,80980362,AMERICANO,Regular,Privada,R.A. 2126/2021,7/9/2021,QUERU QUERU,AV. JULIO RODRIGUEZ,Abierta,.
COCHABAMBA 1,80980164,AMERICANO VECINAL D,Regular,Convenio,R.A. 01020/2009,28/5/2009,QUERU QUERU,AV. JULIO RODRIGUEZ,Cerrada,.
COCHABAMBA 1,80980218,EDUARDO LAREDO,Regular,Fiscal,R.A. 952/2012,8/5/2012,RECOLETA,AVENIDA RAMON RIVERO Nro 3050,Abierta,.
COCHABAMBA 2,80980514,AYNI PACHA,Regular,Convenio,0303/2006,13/2/2006,SAN ANDRES ALTO MIRADOR,PEREIRA S/N ENTRE PISIGA,Abierta,.
COCHABAMBA 2,80980438,ATIY,Regular,Fiscal,0274/08,8/2/2008,SAN ANTONIO,SAN ANTONIO DE BUENA VISTA,Abierta,.
COCHABAMBA 1,80980114,KANTUTITA,Regular,Fiscal,.,1/1/1900,SAN ANTONIO,TARATA Nro 116,Cerrada,.
COCHABAMBA 2,80980571,SAN MIGUEL ARCANGEL,Regular,Fiscal,R.A. 417/2012,24/2/2012,SAN MIGUEL,AV. PETROLERA ROTONDA KM. 4,Abierta,.
COCHABAMBA 2,80980431,SANTA TERESA DE LISIEUX,Regular,Fiscal,R.A. 4333/2014,23/12/2014,SAN MIGUEL PAMPA,KM 4 CARRETERA SANTA CRUZ,Abierta,.
COCHABAMBA 2,80980168,HUMBERTO PORTOCARRERO,Regular,Fiscal,R.A. 4334/2014,23/12/2014,SAN MIGUEL PAMPA,KM 4 CARRETERA SANTA CRUZ,Abierta,.
COCHABAMBA 1,80980020,PETRONA NAVIA,Regular,Fiscal,R.A. 01037/2009,29/5/2009,SAN PEDRO,AV. BELZU Y FRANCISCO PRADA,Abierta,.
COCHABAMBA 1,80980150,GUALBERTO VILLARROEL,Regular,Fiscal,R.A. 3145/2017,16/11/2017,SAN PEDRO,HEROINAS Nro 1641,Abierta,.
COCHABAMBA 1,80980151,JULIO MENDEZ,Regular,Fiscal,R.A. 313/2019,1/4/2019,SAN PEDRO,HEROINAS Nro 1641,Abierta,.
COCHABAMBA 1,80980396,LOYOLA,Regular,Privada,R.A. 1500/2011,19/7/2011,SAN PEDRO,PARQUE LA TORRE S/N,Abierta,.
COCHABAMBA 1,80980149,VICTOR ANGEL PAZ ESTENSSORO,Regular,Fiscal,.,1/1/1900,SAN PEDRO,HEROINAS Nro 1641,Cerrada,.
COCHABAMBA 1,80980370,DOMINGO FAUSTINO SARMIENTO,Regular,Privada,R.A. 0621/2023,7/3/2023,SAN PEDRO,COLOMBIA Nro 1124,Abierta,.
COCHABAMBA 1,80980018,HEROINAS DE LA CORONILLA,Regular,Fiscal,R.A. 01017/2009,28/5/2009,SAN PEDRO,AV. BELZU Y FRANCISCO PRADA,Abierta,.
COCHABAMBA 2,80980255,COMPAÑIA DE JESUS,Regular,Convenio,1865,8/12/1992,SANTA VERA CRUZ,SANTA VERA CRUZ AVENIDA PETROLERA KM. 7S/N CARRETERA ANTIGUA A SANTA CRUZ,Abierta,.
COCHABAMBA 2,80980169,JESUS,Regular,Convenio,1989/98,24/9/1998,SANTA VERA CRUZ,SANTA VERA CRUZ AVENIDA PETROLERA KM. 7S/N CARRETERA ANTIGUA A SANTA CRUZ,Abierta,.
COCHABAMBA 2,80980499,EL SALVADOR A,Alternativa y Especial,Convenio,R.M. 0764/2019,10/7/2019,SANTA VERA CRUZ,SANTA VERA CRUZ AVENIDA PETROLERA KM. 7S/N CARRETERA ANTIGUA A SANTA CRUZ,Abierta,.
COCHABAMBA 1,80980339,EL PRINCIPITO,Regular,Privada,763,25/3/1988,SARCO,AVENIDA TADEO HAENKE,Cerrada,.
COCHABAMBA 1,80980184,SALOMON KLEIN,Regular,Fiscal,R.A. 2326/2023,30/6/2023,SARCO,LUCAS MENDOZA,Abierta,.
COCHABAMBA 1,80980415,VIRGEN DE MONSERRAT,Regular,Privada,R.A. 264/2022,4/2/2022,SARCO,CALLE E. CABA Nro 555 ENTRE AV. AMERICA,Abierta,.
COCHABAMBA 1,80980023,SOL Y HORIZONTES A,Regular,Fiscal,R.A. 954/2012,8/5/2012,SARCO,RENE MORENO Y CASTO ROJAS,Abierta,.
COCHABAMBA 1,80980427,BOLIVIANO CUBANO TERCER MILENIO,Regular,Privada,1954/01,22/1/2001,SARCO,AV. CIRCUNVALACION Nro 108,Cerrada,.
COCHABAMBA 1,80980338,RICHARD VON WEIZSACKER,Regular,Privada,R.A. 124/2020,3/9/2020,SARCO,AV. BEIJING S/N,Abierta,.
COCHABAMBA 1,80980027,JOSE MARIA SANTIVAÑEZ,Regular,Fiscal,R.A. 6051/2024,19/12/2024,SARCO,AV. PEREZ DE HOLGUIN Y ABRAHAM LINCOLN,Abierta,.
COCHABAMBA 1,80980025,BEATRIZ HARTMANN DE BEDREGAL,Regular,Fiscal,R.A. 01045/2009,29/5/2009,SARCO,AV. PEREZ DE HOLGUIN Y ABRAHAM LINCOLN,Abierta,.
COCHABAMBA 1,80980564,MI PEQUEÑA CASITA,Regular,Privada,R.A. 1328/2011,17/6/2011,SARCO,CALLE ENRIQUE FINOT Nº 1930,Abierta,.
COCHABAMBA 1,80980029,SOL Y HORIZONTES B,Regular,Fiscal,4248/2000,9/9/2000,SARCO,RENE MORENO Y CASTO ROJAS,Abierta,.
COCHABAMBA 1,80980024,JORGE VASQUEZ,Regular,Fiscal,R.A. 1403/2008,14/7/2008,SARCO,AV. CIRCUNVALACION Y JUAN DE LA ROSA,Abierta,.
COCHABAMBA 1,80980026,BERNARDINO BILBAO RIOJA,Alternativa y Especial,Fiscal,R.A. 0764/2019,10/7/2019,SARCO,AV. PEREZ DE HOLGUIN Y ABRAHAM LINCOLN,Abierta,.
COCHABAMBA 1,80980232,BRANKO PETRICEVIC B,Regular,Fiscal,311,25/2/1987,SARCOBAMBA,SARCOBAMBA OESTE,Abierta,.
COCHABAMBA 1,80980234,BRANKO PETRICEVIC D,Regular,Fiscal,R.A. 5073/2018,9/11/2018,SARCOBAMBA,SARCOBAMBA OESTE,Abierta,.
COCHABAMBA 1,80980647,TRINOS,Regular,Privada,R.A. 5985/2024,17/12/2024,SARCOBAMBA,CALLE MARINA NUÑEZ DEL PRADO S/N,Abierta,.
COCHABAMBA 1,80980435,CAMARA JUNIOR B,Regular,Fiscal,.,1/1/1900,SARCOBAMBA,SARCOBAMBA OESTE,Cerrada,.
COCHABAMBA 1,80980231,BRANKO PETRICEVIC A,Regular,Fiscal,311,25/2/1987,SARCOBAMBA,SARCOBAMBA OESTE,Abierta,.
COCHABAMBA 1,80980308,LUIS QUINTIN VILA A,Regular,Fiscal,1575/2006,13/7/2006,SARCOBAMBA,SARCOBAMBA OESTE,Abierta,.
COCHABAMBA 1,80980448,MARIANNE FROSTIG,Alternativa y Especial,Fiscal,R.A. 1797/2021,11/8/2021,SARCOBAMBA URBANIZACIÓN PIL,CALLE JORGE  UDAETA S/N,Abierta,.
COCHABAMBA 2,80980688,BOLIVIA NUEVA PANAMERICANA,Regular,Fiscal,R.A. 4565/2023,19/10/2023,SIVINGANI,INNOMINADA,Abierta,.
COCHABAMBA 1,80980131,MARTIN CARDENAS A,Regular,Fiscal,R.A. 01043/2009,29/5/2009,STADIUM,FLORA SALINAS Nro 1431,Cerrada,.
COCHABAMBA 1,80980132,GUINDALINA LOAYZA,Regular,Fiscal,3456/2000,31/7/2000,STADIUM,FLORA SALINAS Nro 1431,Abierta,.
COCHABAMBA 1,80980130,6 DE JUNIO A,Regular,Fiscal,1964/2000,13/7/2000,STADIUM,FLORA SALINAS Nro 1431,Cerrada,.
COCHABAMBA 1,80980579,MULTIDISCIPLINARIO HEROINAS DE LA CORONILLA,Alternativa y Especial,Fiscal,R.A. RA/SEAE/1/2025,19/2/2025,STADIUM,FLORA SALINAS Nro 1431,Abierta,.
COCHABAMBA 2,80980300,SANTO DOMINGO SAVIO B,Regular,Convenio,R.A. 261/2022,3/2/2022,SUD,ZONA SUR PASAJE MANUEL VIA S/N,Abierta,.
COCHABAMBA 2,80980347,MCAL. SANTA CRUZ,Regular,Privada,25,24/1/1962,SUD,"AV, PANAMERICANA ESQUINA 6 DE AGOSTO",Cerrada,.
COCHABAMBA 2,80980411,SANTO DOMINGO SAVIO,Regular,Privada,R.A. 1401/2011,1/7/2011,SUD,ZONA SUR PASAJE MANUEL VIA S/N,Abierta,.
COCHABAMBA 2,80980108,SANTO DOMINGO SAVIO A,Regular,Convenio,R.A. 3300/2011,13/12/2011,SUD,ZONA SUR PASAJE MANUEL VIA S/N,Abierta,.
COCHABAMBA 2,80980429,SAN FRANCISCO JAVIER,Regular,Convenio,R.A. 3079/2012,14/11/2012,SUD,ALTO BUENA VISTA,Abierta,.
COCHABAMBA 2,80980401,9 DE MARZO,Regular,Fiscal,2176/99,8/12/1999,SUD,TRAFALGAR,Abierta,.
COCHABAMBA 2,80980503,HNA. TERESA DE CALCUTA,Regular,Privada,0044/2001,22/1/2001,SUD,MARIO COCA ESQUINA TOMAS GAMBOA Nº 4287,Abierta,.
COCHABAMBA 2,80980653,LA CASA DE ELSITA,Regular,Privada,R.A. 2916/2021,12/11/2021,SUD,VILLA PAGADOR  CALLE TOMAS BARRÓN  NRO 8953,Abierta,.
COCHABAMBA 2,80980004,CANATA INICIAL,Regular,Fiscal,2862/2000,17/7/2000,SUD,AV. 6 DE AGOSTO,Abierta,.
COCHABAMBA 2,80980425,EL MOLINO,Regular,Privada,R.A. 1936/2020,28/12/2020,SUD,AV. PETROLERA KM. 4 1/2,Abierta,.
COCHABAMBA 2,80980187,SANTA CRUZ,Regular,Fiscal,R.A. 2391/2009,16/10/2009,SUD,MAIRANA ENTRE ÑUFLO DE CHAVEZ,Abierta,.
COCHABAMBA 2,80980186,VILLA SANTA CRUZ,Regular,Fiscal,R.A. 2482/2010,29/10/2010,SUD,MAIRANA ENTRE ÑUFLO DE CHAVEZ,Cerrada,.
COCHABAMBA 2,80980421,RAFAEL PABON CUEVAS,Regular,Privada,005/02,7/1/2002,SUD,FINAL AVENIDA DE LA FUERZA AEREA,Abierta,.
COCHABAMBA 2,80980185,EDUARDO OCAMPO MOSCOSO,Regular,Fiscal,R.A. 2823/2013,29/10/2013,SUD,MAIRANA ENTRE ÑUFLO DE CHAVEZ,Abierta,.
COCHABAMBA 2,80980534,NAPOLEON MALDONADO VERA,Regular,Fiscal,R.A. 2213/2008,6/11/2008,SUD,TRAFALGAR,Abierta,.
COCHABAMBA 2,80980693,TUPAC KATARI OTB FORTALEZA D.9,Regular,Fiscal,R.A. 128/2024,10/1/2024,SUD,OTB FORTALEZA EL PARAISO,Abierta,.
COCHABAMBA 2,80980585,SANTO DOMINGO SAVIO C,Alternativa y Especial,Convenio,R.A. 6245/2024,31/12/2024,SUD,ZONA SUR PASAJE MANUEL VIA S/N,Abierta,.
COCHABAMBA 2,80980626,VILLA SANTA CRUZ A,Alternativa y Especial,Fiscal,R.A. 4336/2023,21/9/2023,SUD,MAIRANA ENTRE ÑUFLO DE CHAVEZ,Abierta,.
COCHABAMBA 1,80980092,LA SALLE C,Regular,Convenio,R.A. 01015/2009,28/5/2009,SUD,MAMA OCLLO Y COMUNEROS Nro 1046,Abierta,.
COCHABAMBA 1,80980601,LA SALLE E,Regular,Convenio,R.A. 0427/2018,19/2/2018,SUD,MAMA OCLLO Y COMUNEROS Nro 1046,Abierta,.
COCHABAMBA 1,80980090,LA SALLE A,Regular,Convenio,R.A. 01016/2009,28/5/2009,SUD,MAMA OCLLO Y COMUNEROS Nro 1046,Abierta,.
COCHABAMBA 1,80980093,LA SALLE D,Regular,Convenio,R.A. 01026/2009,29/5/2009,SUD,MAMA OCLLO Y COMUNEROS Nro 1046,Abierta,.
COCHABAMBA 1,80980091,LA SALLE B,Regular,Convenio,R.A. 01014/2009,28/5/2009,SUD,MAMA OCLLO Y COMUNEROS Nro 1046,Cerrada,.
COCHABAMBA 1,80980340,PIO XII,Regular,Privada,R.A. 0694/2017,21/3/2017,SUD,CALLE PUNATA Nro 361,Abierta,.
COCHABAMBA 2,80980589,MICAELA BASTIDAS,Regular,Fiscal,R.A. 2956/2015,23/9/2015,SUD BARRIO PRIMERO DE MAYO,.,Abierta,.
COCHABAMBA 2,80980537,EL MIRADOR,Regular,Fiscal,R.M. 2084/2008,23/12/2008,SUD BARRIO PRIMERO DE MAYO,.,Abierta,.
COCHABAMBA 2,80980522,BOLIVIANO HOLANDES,Regular,Fiscal,2954/2006,16/11/2006,SUD CANTON ITOCTA,ZONA SUD VILLA ISRAEL,Abierta,.
COCHABAMBA 2,80980525,21 DE SEPTIEMBRE,Regular,Fiscal,0562/2008,14/3/2008,SUD CANTON ITOCTA,ZONA SUD VILLA 21 DE SEPTIEMBRE,Abierta,.
COCHABAMBA 2,80980258,ISRAEL,Regular,Fiscal,0164/95,29/6/1995,SUD CANTON ITOCTA,ZONA SUD VILLA ISRAEL,Abierta,.
COCHABAMBA 2,80980592,PACHA,Regular,Fiscal,R.A. 3304/2016,21/11/2016,SUD CANTON ITOCTA,ZONA SUD VILLA ISRAEL,Abierta,.
COCHABAMBA 2,80980685,21 DE SEPTIEMBRE II,Regular,Fiscal,R.A. 4878/2023,22/11/2023,SUD CANTON ITOCTA,ZONA SUD VILLA 21 DE SEPTIEMBRE,Abierta,.
COCHABAMBA 2,80980505,NUEVA ESPERANZA,Regular,Fiscal,3077/2006,23/11/2006,SUD CANTON ITOCTA,ZONA SUD VILLA ISRAEL,Abierta,.
COCHABAMBA 2,80980182,LUIS ESPINAL,Regular,Fiscal,R.A. 2172/2009,28/9/2009,SUD CERRO VERDE,RAZA DE BRONCE Y LOS ANDES S/N ENTRE MOLINOS Y LLAWAR MALLKU,Abierta,.
COCHABAMBA 2,80980183,ISMAEL MONTES,Regular,Fiscal,R.A. 0247/2018,25/1/2018,SUD CERRO VERDE,RAZA DE BRONCE Y LOS ANDES S/N ENTRE MOLINOS Y LLAWAR MALLKU,Abierta,.
COCHABAMBA 2,80980319,MAN CESPED,Alternativa y Especial,Fiscal,R.M. 0764/2019,10/7/2019,SUD CERRO VERDE,RAZA DE BRONCE Y LOS ANDES S/N ENTRE MOLINOS Y LLAWAR MALLKU,Abierta,.
COCHABAMBA 2,80980687,LA FRONTERA,Regular,Fiscal,R.A. 5012/2023,6/12/2023,"SUD DE COCHABAMBA, DISTRITO N° 9, COMUNA ITOCTA.","PARADA FINAL DE TRUFI 135, AL LÍMITE CON MUNICIPIO SANTIVÁÑEZ.",Abierta,.
COCHABAMBA 2,80980654,MARISCAL ANTONIO JOSE DE SUCRE-RIO SECO,Regular,Fiscal,R.A. 3219/2021,13/12/2021,SUD DISTRITO N° 9-SUB DISTRITO N° 35,SUD DISTRITO N° 9-SUB DISTRITO N° 35 OTB. RIO SECO,Abierta,.
COCHABAMBA 2,80980520,SAN VICENTE DE PAUL,Regular,Fiscal,R.A. 2323/2023,30/6/2023,SUD ESTE,AV. PETROLERA KM. 10 MINEROS SAN JUAN,Abierta,.
COCHABAMBA 2,80980674,NUEVO HORIZONTE,Regular,Fiscal,R.A. 5022/2022,7/9/2022,SUD ESTE,AV. PETROLERA KM. 10 MINEROS SAN JUAN,Abierta,.
COCHABAMBA 1,80980277,LOURDES,Regular,Fiscal,R.A. 1239/2009,25/6/2009,SUD ESTE,FRANCISCO SUAREZ ENTRE CESAR ACHABAL Y AV. CIRCUNVALACION BEIGIN,Abierta,.
COCHABAMBA 1,80980273,DANIEL SANCHEZ BUSTAMANTE,Regular,Fiscal,R.A. 1240/2009,25/6/2009,SUD ESTE,SUCRE ESQUINA LANZA,Abierta,.
COCHABAMBA 1,80980161,SANTA TERESITA SOS,Regular,Convenio,.,1/1/1900,SUD ESTE,CALAMA Nro 0857 16 DE JULIO Y OQUENDO,Cerrada,.
COCHABAMBA 1,80980280,SUCRE,Regular,Fiscal,4080/2000,4/9/2000,SUD ESTE,SUCRE ESQUINA LANZA,Abierta,.
COCHABAMBA 1,80980479,14 DE SEPTIEMBRE,Regular,Fiscal,767/2006,13/4/2006,SUD ESTE,FRANCISCO SUAREZ ENTRE CESAR ACHABAL Y AV. CIRCUNVALACION BEIGIN,Abierta,.
COCHABAMBA 1,80980282,TEODOMIRO BELTRAN,Regular,Fiscal,R.A. 6047/2024,19/12/2024,SUD ESTE,SUCRE ESQUINA LANZA,Abierta,.
COCHABAMBA 2,80980117,VIKINGA BOLIVIANA,Regular,Fiscal,R.A. 1681/2013,8/7/2013,SUD ESTE - CERRO VERDE,CALLE LLAWAR MALLKU,Abierta,.
COCHABAMBA 1,80980276,JOSE ANTONIO ARZE,Regular,Fiscal,R.A. 01049/2009,29/5/2009,SUD ESTE CENTRAL,SUCRE Nro 561,Abierta,.
COCHABAMBA 1,80980279,JUNIN,Regular,Fiscal,R.A. 6038/2024,19/12/2024,SUD ESTE CENTRAL,SUCRE Nro 561,Abierta,.
COCHABAMBA 1,80980284,BOLIVAR,Regular,Fiscal,3616/2000,1/8/2000,SUD ESTE CENTRAL,SUCRE Nro 561,Abierta,.
COCHABAMBA 2,80980358,YUGOSLAVIA,Regular,Privada,R.A.1589/2021,16/7/2021,SUD LORETO,AV. PANAMERICANA,Abierta,.
COCHABAMBA 2,80980680,PLURINACIONAL BOLIVIA UNIDA,Regular,Fiscal,R.A. 6192/2022,23/12/2022,SUD OESTE HIGUERANI,CALLE INNOMINADA S/N - SUD OESTE HIGUERANI,Abierta,.
COCHABAMBA 2,80980301,AMOR DE DIOS,Regular,Convenio,R.A. 050/2022,4/1/2022,SUD SAN CARLOS,AV. REPUBLICA Nro 1545,Abierta,.
COCHABAMBA 2,80980062,AMOR DE DIOS NOCTURNO,Regular,Convenio,R.A. 2859/2021,8/11/2021,SUD SAN CARLOS,AV. REPUBLICA Nro 1545,Abierta,.
COCHABAMBA 2,80980060,SANTISIMA TRINIDAD,Regular,Convenio,0082/2001,30/1/2001,SUD SAN CARLOS,AV. REPUBLICA Nro 1545,Cerrada,.
COCHABAMBA 2,80980061,JERONIMO USERA,Regular,Convenio,R.A. 2879/2021,8/11/2021,SUD SAN CARLOS,AV. REPUBLICA Nro 1545,Abierta,.
COCHABAMBA 2,80980673,MARISCAL SANTA CRUZ - LAS LOMAS,Regular,Fiscal,R.A. 4252/2022,20/7/2022,SUD. DISTRITO N° 9. SINDICATO AGRARIO HUASA HIGUERANI,JUNTA VECINAL LOMAS DE HUASA HIGUERANI,Abierta,.
COCHABAMBA 2,80980199,POTOSI,Regular,Fiscal,R.A. 0236/2016,12/2/2016,SUR,PASAJE MAIRANA ESQUINA PIRAI,Abierta,.
COCHABAMBA 2,80980200,GUIDO VILLAGOMEZ A,Regular,Fiscal,R.A. 3589/2017,28/12/2017,SUR,PASAJE MAIRANA ESQUINA PIRAI,Abierta,.
COCHABAMBA 2,80980565,PATRIA NUEVA,Regular,Fiscal,R.A. 874/2014,10/4/2014,SUR EL PALMAR,CALLE EUCALIPTOS,Abierta,.
COCHABAMBA 1,80980568,SANTA MARIA MAGDALENA POSTEL,Regular,Privada,R.A. 0772/2012,16/4/2012,SUR SAN ANTONIO,CALLE HONDURAS S/N ENTRE 25 DE MAYO Y ESTEBAN ARZE,Abierta,.
COCHABAMBA 2,80980559,STEFANO HOTELLIER,Regular,Convenio,R.A. 2196/2010,12/10/2010,TAMBORADA,JARKAPAMPA PAMPA SAN MIGUEL,Abierta,.
COCHABAMBA 2,80980449,NUESTRA SEÑORA DE LA MERCED,Alternativa y Especial,Convenio,R.A. 1437/2017,31/5/2017,TAMBORADA,JARKAPAMPA PAMPA SAN MIGUEL,Abierta,.
COCHABAMBA 1,80980138,TAQUIÑA B,Regular,Fiscal,R.A. 01041/2009,29/5/2009,TAQUIÑA,AVENIDA LA PAZ FINAL VILLA TAQUIÑA,Abierta,.
COCHABAMBA 1,80980264,MAX FERNANDEZ ROJAS,Regular,Fiscal,R.A. 01022/2009,29/5/2009,TAQUIÑA,AVENIDA LA PAZ FINAL VILLA TAQUIÑA,Abierta,.
COCHABAMBA 1,80980289,TAQUIÑA C,Regular,Fiscal,R.A. 01048/2009,29/5/2009,TAQUIÑA,AVENIDA LA PAZ FINAL VILLA TAQUIÑA,Abierta,.
COCHABAMBA 1,80980392,ALEJO CALATAYUD,Regular,Fiscal,R.A. 2899/2012,22/10/2012,TAQUIÑA,AVENIDA CENTENARIO,Abierta,.
COCHABAMBA 1,80980139,TAQUIÑA A,Regular,Fiscal,R.A.1227/2009,25/6/2009,TAQUIÑA,AVENIDA LA PAZ FINAL VILLA TAQUIÑA,Abierta,.
COCHABAMBA 1,80980167,MARISTA PRIMARIA,Regular,Convenio,R.A. 6040/2024,19/12/2024,TEMPORAL,KAPAC YUPANQUI Nro 2460,Abierta,.
COCHABAMBA 1,80980166,CHAMPAGNAT,Regular,Convenio,R.A. 6029/2024,19/12/2024,TEMPORAL,KAPAC YUPANQUI Nro 2460,Abierta,.
COCHABAMBA 1,80980241,OSCAR ALFARO,Regular,Fiscal,R.A. 1241/2009,25/6/2009,TEMPORAL,CALLE JACK LONDON ZONA TEMPORAL,Abierta,.
COCHABAMBA 1,80980349,LIBERTAD,Regular,Privada,2081,4/8/1988,TEMPORAL,JAVIER BAPTISTA Nro 328,Cerrada,.
COCHABAMBA 1,80980296,MARISTA SECUNDARIA,Regular,Convenio,R.A. 6065/2024,20/12/2024,TEMPORAL,KAPAC YUPANQUI Nro 2460,Abierta,.
COCHABAMBA 1,80980196,SANTA MONICA,Regular,Convenio,R.A. 1224/2009,25/6/2009,TICTI  NORTE,PARADA FINAL MICRO F TEMPORAL,Abierta,.
COCHABAMBA 1,80980432,SAN MARCELINO,Regular,Convenio,R.A. 6064/2024,19/12/2024,TICTI  NORTE,PARADA FINAL MICRO F TEMPORAL,Abierta,.
COCHABAMBA 1,80980310,NUESTRA SEÑORA DEL PILAR,Regular,Convenio,R.A. 2450/2023,6/7/2023,TICTI NORTE,PLAZA SEÑOR DE MAYO FINAL AVENIDA ANTAWARAS S/N,Abierta,.
COCHABAMBA 1,80980602,MARIA DE LOS ANDES,Regular,Convenio,R.A. 2619/2018,16/2/2018,TICTI NORTE,PLAZA SEÑOR DE MAYO FINAL AVENIDA ANTAWARAS S/N,Abierta,.
COCHABAMBA 2,80980313,MARIA JOSEFA MUJIA,Regular,Convenio,115/2003,19/5/2003,TICTI SUD ALTO COCHABAMBA,ZONA TICTI SUD ALTO COCHABAMBA,Abierta,.
COCHABAMBA 2,80980517,TUPAC KATARI,Regular,Fiscal,R.A. 2822/2013,29/10/2013,TICTI SUR,AV. PETROLERA ZONA TICTI SUR CHASCARUMY,Abierta,.
COCHABAMBA 1,80980288,AYACUCHO,Regular,Fiscal,0236/2000,19/4/2000,TUPURAYA,CALLE FROILAN ZAMBRANA Y BENANCIO JIMENEZ Nº 28,Abierta,.
COCHABAMBA 1,80980382,CALIFORNIA,Regular,Privada,R.A. 2474/2017,18/9/2017,TUPURAYA,AV. AMERICA ESTE. Nro 1152,Abierta,.
COCHABAMBA 1,80980239,CARLITA REYES VILLA,Regular,Fiscal,3778/2000,8/8/2000,TUPURAYA,CALLE FROILAN ZAMBRANA Y BENANCIO JIMENEZ Nº 28,Abierta,.
COCHABAMBA 1,80980042,PEDRO POVEDA NOCTURNO,Regular,Convenio,4092/2000,28/8/2000,TUPURAYA,PLAZA TARIJA Nro 1287,Abierta,.
COCHABAMBA 1,80980337,SAN AGUSTIN,Regular,Privada,R.A. 1333/2014,5/5/2014,TUPURAYA,AVENIDA AMERICA Nro 1359,Abierta,.
COCHABAMBA 1,80980404,PEDRO POVEDA,Regular,Privada,R.A. 0802/2019,20/12/2019,TUPURAYA,PLAZA TARIJA Nro 1287,Abierta,.
COCHABAMBA 1,80980580,MADRE MARIA OLIVA,Alternativa y Especial,Convenio,R.A. 5123/2023,20/12/2023,TUPURAYA,CALLE MAXIMILIANO MARQUEZ Nº 2346,Abierta,.
COCHABAMBA 1,80980467,CATOLICO GUADALUPANO,Regular,Privada,R.A.3606/2014,5/11/2014,TURUPAYA,AV. CIRCUNVALACION ENTRE CALLE ROSALES Y  CALLE QUIJARRO N° 1982,Cerrada,.
COCHABAMBA 1,80980547,TIA KIKA,Regular,Privada,R.A. 03113/2009,17/12/2009,TURUPAYA,.,Abierta,.
COCHABAMBA 1,80980447,PADRE IGNACIO ZALLES,Alternativa y Especial,Convenio,6590/2005,15/12/2005,TURUPAYA,MARIANO MELGAREJO Nro 102,Abierta,.
COCHABAMBA 2,80980286,VISION MUNDIAL,Regular,Fiscal,R.A. 2106/2008,20/10/2008,UNIVERSITARIO,AVENIDA PETROLERA KM. 3 1/2,Abierta,.
COCHABAMBA 2,80980287,JORGE TRIGO ANDIA,Regular,Fiscal,R.A. 1851/2009,1/9/2009,UNIVERSITARIO,AVENIDA PETROLERA KM. 3 1/2,Abierta,.
COCHABAMBA 1,80980180,ROSENDO PEÑA,Regular,Fiscal,R.A. 0360/2019,3/6/2019,URBANIZACION PIL,LUIS ZEGARRA Y JORGE UDAETA S/N,Abierta,.
COCHABAMBA 2,80980540,VERDAD Y VIDA,Regular,Fiscal,R.A. 1979/2009,17/9/2009,USPHA USHPA,.,Abierta,.
COCHABAMBA 2,80980655,EVITO,Regular,Fiscal,R.A. 202/2022,9/2/2022,USPHA USPHA,CALLE INNOMINADA - OTB MONTE RANCHO CENTRAL,Abierta,.
COCHABAMBA 2,80980696,28 DE SEPTIEMBRE,Regular,Fiscal,R.A. 3518/2024,25/7/2024,USPHA USPHA,"URBANIZACION MARIA BELEN DISTRITO 8, SUBDISTRITO 34",Abierta,.
COCHABAMBA 2,80980243,EL SALVADOR,Regular,Fiscal,R.A. 3372/2015,23/10/2015,VALLE HERMOSO,AVENIDA MARISCAL SANTA CRUZ S/N,Abierta,.
COCHABAMBA 2,80980460,GRAN TUNARI,Regular,Fiscal,R.A. 5426/2024,3/12/2009,VALLE HERMOSO,AVENIDA PIZIGA Y CALLE PARIA,Abierta,.
COCHABAMBA 2,80980533,SEÑOR DE SANTIAGO,Regular,Fiscal,R.A. 2068/2008,20/10/2008,VALLE HERMOSO,.,Abierta,.
COCHABAMBA 2,80980156,GERARDO VARGAS VIDAL,Regular,Fiscal,R.A. 5822/2024,12/12/2024,VALLE HERMOSO,MONSEÑOR ARNULFO ROMERO Y MARTIN LUTHER K,Abierta,.
COCHABAMBA 2,80980155,VALLE HERMOSO A,Regular,Fiscal,R.A. 3154/2021,7/12/2021,VALLE HERMOSO,MONSEÑOR ARNULFO ROMERO Y MARTIN LUTHER K,Abierta,.
COCHABAMBA 2,80980242,SAN JAVIER,Regular,Fiscal,R.A. 3370/2015,23/10/2015,VALLE HERMOSO,AVENIDA MARISCAL SANTA CRUZ S/N,Abierta,.
COCHABAMBA 2,80980531,FRANCISCO JAVIER BALDIVIESO LUNA,Regular,Fiscal,R.A. 2028/2008,8/10/2008,VALLE HERMOSO,.,Abierta,.
COCHABAMBA 2,80980173,HNA. QUINTINA PEREZ,Regular,Convenio,R.A. 5837/2024,12/12/2024,VALLE HERMOSO,KM 5 AV. PETROLERA,Abierta,.
COCHABAMBA 2,80980174,OBISPO ANAYA,Regular,Convenio,R.A. 6058/2024,19/12/2024,VALLE HERMOSO,KM 5 AV. PETROLERA,Abierta,.
COCHABAMBA 2,80980549,MISIONERAS DE CRISTO JESUS,Regular,Fiscal,R.A. 3369/2015,23/10/2015,VALLE HERMOSO,AVENIDA MARISCAL SANTA CRUZ S/N,Abierta,.
COCHABAMBA 2,80980445,VALLE HERMOSO B,Alternativa y Especial,Fiscal,R.A. 4880/2023,22/11/2023,VALLE HERMOSO,MONSEÑOR ARNULFO ROMERO Y MARTIN LUTHER K,Abierta,.
COCHABAMBA 1,80980133,DR. ENRIQUE SANCHEZ DE LOZADA IRIGOYEN,Regular,Fiscal,R.A. 1635/2012,3/7/2012,VALLE HERMOSO,FELIX LOPE DE VEGA S/N,Abierta,.
COCHABAMBA 1,80980137,TEMPORAL,Regular,Fiscal,0014/2007,3/1/2007,VALLE HERMOSO,FELIX LOPE DE VEGA S/N,Abierta,.
COCHABAMBA 2,80980031,ELIZARDO PEREZ,Regular,Fiscal,R.A. 2433/2009,19/10/2009,VILLA ALTO SEBASTIAN,CALLE LA JOYA ESQUINA BELLA VISTA,Abierta,.
COCHABAMBA 2,80980030,JUAN JOSE TORREZ,Regular,Fiscal,3162/2000,25/7/2000,VILLA ALTO SEBASTIAN,CALLE LA JOYA ESQUINA BELLA VISTA,Abierta,.
COCHABAMBA 1,80980077,SAN JOSE A,Regular,Fiscal,R.A. 3410/2016,30/11/2016,VILLA ANTOFAGASTA,CALLE 12 DE JUNIO,Abierta,.
COCHABAMBA 1,80980235,ANTOFAGASTA B,Regular,Fiscal,R.A. 1229/2009,25/6/2009,VILLA ANTOFAGASTA,CALLE 12 DE JUNIO,Abierta,.
COCHABAMBA 1,80980311,21 DE SEPTIEMBRE,Regular,Fiscal,R.A. 1236/2009,25/6/2009,VILLA BARRIENTOS,URBANIZACION VILLA BARRIENTOS,Abierta,.
COCHABAMBA 1,80980295,RENE BARRIENTOS ORTUÑO C,Regular,Fiscal,R.A. 5261/2018,23/11/2018,VILLA BARRIENTOS,URBANIZACION VILLA BARRIENTOS,Abierta,.
COCHABAMBA 1,80980088,ANTOFAGASTA A,Regular,Fiscal,3048/2000,24/7/2000,VILLA BUSCH,CARACOLES Y D'ORBIGNI S/N,Abierta,.
COCHABAMBA 1,80980393,ALBERT EINSTEIN,Regular,Privada,R.A. 6146/2024,27/12/2024,VILLA BUSCH,C. ADRIAN PATIÑO ESQUINA 12 DE JUNIO,Abierta,.
COCHABAMBA 1,80980089,LITORAL,Regular,Fiscal,R.A. 01028/2009,29/5/2009,VILLA BUSCH,CARACOLES Y D'ORBIGNI S/N,Abierta,.
COCHABAMBA 1,80980327,SAN JOSE,Regular,Privada,R.A. 2770/2023,1/8/2023,VILLA BUSCH NORTE,ANTONIO GONZALES,Abierta,.
COCHABAMBA 2,80980597,JOSE RIOS ESCOBAR,Regular,Fiscal,R.A. 776/2017,28/3/2017,VILLA BUSH,AV. CAPITAN USTARIZ Y CALLE COCHABAMBA,Abierta,.
COCHABAMBA 2,80980048,COCHABAMBA C,Regular,Fiscal,R.A. 2370/2018,28/5/2018,VILLA BUSH,AVENIDA CAPITAN USTARIZ S/N,Abierta,.
COCHABAMBA 2,80980045,SAUL MENDOZA,Regular,Fiscal,R.A. 2206/2009,28/9/2009,VILLA BUSH,AV. CAPITAN USTARIZ Y CALLE COCHABAMBA,Abierta,.
COCHABAMBA 2,80980046,GUTIERREZ MARISCAL,Regular,Fiscal,1958/2000,13/7/2000,VILLA BUSH,AVENIDA CAPITAN USTARIZ S/N,Abierta,.
COCHABAMBA 1,80980418,NUEVO CONOCER,Regular,Privada,0294/01,6/4/2001,VILLA CANDELARIA,VILLA CANDELARIA,Abierta,.
COCHABAMBA 1,80980352,ITALO BOLIVIANO,Regular,Privada,R.A. 0564/2019,2/9/2019,VILLA CORONILLA,AV. MANCO KAPAC Nro 1070,Abierta,.
COCHABAMBA 2,80980118,EDUARDO LOPEZ,Regular,Fiscal,R.A. 1382/2022,26/4/2022,VILLA EDUARDO LOPEZ,FINAL PANAMERICANA INGRESO A ZOFRACO,Abierta,.
COCHABAMBA 2,80980268,NORDICO BOLIVIANO,Regular,Fiscal,R.A. 0666/2019,31/10/2019,VILLA EUCALIPTUS,VILLA EUCALIPTUS ZONA ALALAY,Abierta,.
COCHABAMBA 2,80980111,VENJANMIN,Regular,Fiscal,R.A. 757/2012,11/4/2012,VILLA EUCALIPTUS,VILLA EUCALIPTUS ZONA ALALAY,Abierta,.
COCHABAMBA 2,80980259,ANDRES BELLO,Regular,Fiscal,R.A. 1853/2009,1/9/2009,VILLA FELICIDAD,AVENIDA REPUBLICA FINAL,Abierta,.
COCHABAMBA 2,80980141,JORGE CABRERA ACUÑA,Regular,Fiscal,2254/99,21/12/1999,VILLA FELICIDAD,AVENIDA REPUBLICA FINAL,Abierta,.
COCHABAMBA 2,80980140,OSCAR ALFARO SECUNDARIO,Regular,Fiscal,R.A. 2394/2009,16/10/2009,VILLA FELICIDAD,AVENIDA REPUBLICA FINAL,Abierta,.
COCHABAMBA 2,80980260,OSCAR ALFARO INTERMEDIO,Regular,Fiscal,CIERRE DEFINITIVO R.A. 2185/2023-20-06-2023,1/1/1900,VILLA FELICIDAD,AVENIDA REPUBLICA FINAL,Cerrada,.
COCHABAMBA 1,80980341,PAULO VI,Regular,Privada,R.A. 170/2024,16/1/2024,VILLA GALINDO,CALLE FRANCISCO VIEDMA Nro 567,Abierta,.
COCHABAMBA 2,80980309,JUAN XXIII INTERNADO,Regular,Convenio,.,1/1/1900,VILLA GRANADO,.,Cerrada,.
COCHABAMBA 1,80980452,MONTESSORI GONZAGA,Regular,Privada,R.A. 048/2020,4/2/2020,VILLA GRANADO,CALLE ALBERTO ACHA FIGUEROA Y MONTAÑO S/N,Abierta,.
COCHABAMBA 1,80980406,MARIA AUXILIADORA DE CRISTO REY A,Regular,Privada,1356/96,19/8/1996,VILLA INGAVI,AVENIDA HERNANDO DE SOTO ESQ. DIEGO DE ALMAGRO,Abierta,.
COCHABAMBA 1,80980407,MARIA AUXILIADORA DE CRISTO REY B,Regular,Convenio,1299/98,8/5/1998,VILLA INGAVI,AVENIDA HERNANDO DE SOTO ESQ. DIEGO DE ALMAGRO,Cerrada,.
COCHABAMBA 1,80980412,SAN JOSE B,Regular,Privada,2278/2007,22/10/2007,VILLA INGAVI,BARTOLOME DE LAS CASAS S/N,Cerrada,.
COCHABAMBA 2,80980691,SAN PEDRO B,Regular,Fiscal,R.A 18/2024,2/1/2024,VILLA ISRAEL,OTB. ARBOLITOS SAN PEDRO DE MARANATA,Abierta,.
COCHABAMBA 2,80980110,VICTOR CABRERA LOZADA,Regular,Fiscal,R.A. 2198/2009,28/9/2009,VILLA LORETO,NICASIO RIOS 568,Abierta,.
COCHABAMBA 2,80980107,MARIA EUGENIA TORREZ DE GUZMAN,Regular,Fiscal,R.A. 3209/2011,7/12/2011,VILLA LORETO,ZONA VILLA LORETO MANUEL VIA,Abierta,.
COCHABAMBA 2,80980106,LORETO,Regular,Fiscal,R.A. 5396/2024,3/12/2024,VILLA LORETO,ZONA VILLA LORETO MANUEL VIA,Abierta,.
COCHABAMBA 2,80980109,MARCELO QUIROGA SANTA CRUZ,Regular,Fiscal,R.A. 2395/2009,19/10/2009,VILLA LORETO,NICASIO RIOS 568,Abierta,.
COCHABAMBA 2,80980299,SERGIO ALMARAZ PAZ,Regular,Fiscal,R.A. 1849/2009,1/9/2009,VILLA LORETO,NICASIO RIOS 568,Abierta,.
COCHABAMBA 1,80980059,CARMEN ORRUEL DE VERDUGUEZ,Regular,Fiscal,R.A. 01047/2009,29/5/2009,VILLA MOSCU,AVENIDA MONTEAGUDO FINAL,Abierta,.
COCHABAMBA 1,80980278,MELCHOR GUZMAN QUITON,Regular,Fiscal,R.A. 1375/2017,23/5/2017,VILLA MOSCU,AVENIDA MONTEAGUDO FINAL,Abierta,.
COCHABAMBA 1,80980058,LIA RIVERA DE GUZMAN,Regular,Fiscal,R.A. 01018/2009,28/5/2009,VILLA MOSCU,AVENIDA MONTEAGUDO FINAL,Abierta,.
COCHABAMBA 2,80980253,VIRGEN DE GUADALUPE,Regular,Fiscal,R.A. 2770/2016,7/10/2016,VILLA PAGADOR,MACHACAMARCA Y SAN FELIPE DE AUSTRIA,Abierta,.
COCHABAMBA 2,80980251,ORURO,Regular,Fiscal,R.A. 2769/2016,7/10/2016,VILLA PAGADOR,MACHACAMARCA Y SAN FELIPE DE AUSTRIA,Abierta,.
COCHABAMBA 2,80980252,SEBASTIAN PAGADOR,Regular,Fiscal,R.A. 2921/2016,12/10/2016,VILLA PAGADOR,MACHACAMARCA Y SAN FELIPE DE AUSTRIA,Abierta,.
COCHABAMBA 2,80980554,PENTECOSTAL DE BOLIVIA,Regular,Privada,R.A. 1770/2010,20/8/2010,VILLA PAGADOR,AV. MACHACAMARCA,Abierta,.
COCHABAMBA 2,80980302,VICTOR PAZ ESTENSSORO,Regular,Fiscal,R.A. 285/2019,7/3/2019,VILLA SAN ANDRES,VILLA SAN ANDRES,Abierta,.
COCHABAMBA 2,80980220,SAN ANDRES,Regular,Fiscal,R.A. 2389/2009,15/10/2009,VILLA SAN ANDRES,VILLA SAN ANDRES,Abierta,.
COCHABAMBA 2,80980572,SAN PEDRO,Regular,Fiscal,R.A. 0018/2013,7/1/2013,VILLA SAN PEDRO,CALLE INNOMINADA,Abierta,.
COCHABAMBA 2,80980270,NUEVA VERA CRUZ,Regular,Fiscal,R.A. 0087/2013,15/1/2013,VILLA SANTA VERA C,AVENIDA PETROLERA KM 7,Abierta,.
COCHABAMBA 2,80980248,SAN FRANCISCO I,Regular,Fiscal,R.A. 1895/2009,9/9/2009,VILLA SEBASTIAN,PASAJE MOROCHATA S/N,Abierta,.
COCHABAMBA 2,80980249,SAN FRANCISCO II,Regular,Fiscal,R.A. 1894/2009,9/9/2009,VILLA SEBASTIAN,PASAJE MOROCHATA S/N,Abierta,.
COCHABAMBA 2,80980678,GRAN TUNARI II,Regular,Fiscal,R.A.  5970/2022,1/12/2022,VILLA SEBASTIAN PAGADOR,AVENIDA PISIGA - FRENTE A LA UNIDAD EDUCATIVA GRAN TUNARI,Abierta,.
COCHABAMBA 2,80980458,LIBERTAD,Regular,Fiscal,R.A. 6057/2024,19/12/2024,VILLA URKUPIÑA,AVENIDA JUJUY,Abierta,.
COCHABAMBA 2,80980642,EUSTAQUIO MENDEZ ARENAS,Alternativa y Especial,Fiscal,R.A. 0663/2019,29/10/2019,VILLA URKUPIÑA,AVENIDA JUJUY,Abierta,.
COCHABAMBA 2,80980266,SANTA LUISA DE MARILLAC,Regular,Convenio,324,3/4/1995,VILLA VENEZUELA,AV. SIGLO XX S/N,Abierta,.
COCHABAMBA 2,80980265,SANTA ELIZABETH SETON,Regular,Convenio,0018/2001,8/1/2001,VILLA VENEZUELA,AV. SIGLO XX S/N,Abierta,.
COCHABAMBA 2,80980402,TERESA HINOJOSA CAPRIROLO,Regular,Fiscal,R.A. 1847/2009,1/9/2009,VILLA VICTORIA,VILLA VICTORIA,Abierta,.
COCHABAMBA 2,80980570,ANA MARIA ROMERO DE CAMPERO,Regular,Fiscal,R.A. 0613/2012,16/3/2012,VILLA VICTORIA,VILLA VICTORIA,Abierta,.
COCHABAMBA 2,80980271,ALCIDES ARGUEDAS A,Regular,Fiscal,R.A. 1525/2015,2/6/2015,waka playa,final panamericana av. tamborada s/n,Abierta,.
COCHABAMBA 2,80980038,6 DE AGOSTO,Regular,Fiscal,R.A. 0671/2016,7/4/2016,waka playa,final panamericana av. tamborada s/n,Abierta,.
COCHABAMBA 1,80980414,BOLIVIANO JAPONES,Regular,Fiscal,R.A. 01027/2009,29/5/2009,WARA WARA,PACATA ALTA,Abierta,.
COCHABAMBA 1,80980473,JAPON,Regular,Fiscal,078/2006,17/1/2006,WARA WARA,PACATA ALTA,Cerrada,.
COCHABAMBA 2,80980285,BUENAS NUEVAS B,Regular,Fiscal,R.A. 1852/2009,13/5/2009,WAYRA K ASSA,AV. SUECIA Nro 1170,Abierta,.
COCHABAMBA 2,80980003,BUENAS NUEVAS A,Regular,Fiscal,R.A. 2212/2009,30/9/2009,WAYRA K ASSA,AV. SUECIA Nro 1170,Abierta,.
COCHABAMBA 1,80980455,RINCONCITO DE LUZ,Regular,Privada,R.A. 033/2020,27/1/2020,ZONA HIPODROMO,CALLE SAN LORENZO Nº 825,Abierta,.
COCHABAMBA 2,80980006,OCTAVIO CAMPERO ECHAZU,Regular,Fiscal,R.A. 759/2012,2/4/2012,ZONA SUD OESTE,AZIRUMARCA,Abierta,.
COCHABAMBA 2,80980689,COLINAS DE PASBOL,Regular,Fiscal,R.A. 140/2024,11/1/2024,ZONA SUDESTE,OTB COLINAS DE PASBOL,Abierta,.
COCHABAMBA 2,80980524,MADRE DE LA DIVINA PROVIDENCIA,Regular,Convenio,0013/2008,2/1/2008,ZONA SUR CIUDAD DE COCHABAMBA,CALLE RIO BERMEJO - S/N- VILLA ARMONIA - ZONA SUR,Abierta,.
COCHABAMBA 2,80980480,MINERO SAN JUAN,Regular,Fiscal,R.A. 0641/2019,22/10/2019,.,ECIA. USPHA - USPHA,Abierta,.
COCHABAMBA 2,80980129,RENE BARRIENTOS ORTUÑO B,Regular,Fiscal,R.A. 2196/2009,28/9/2009,.,ECIA. USPHA - USPHA,Abierta,.
COCHABAMBA 2,80980587,RENE BARRIENTOS ORTUÑO C,Regular,Fiscal,R.A. 1294/2015,19/5/2015,.,ECIA. USPHA - USPHA,Abierta,.